,Fold,Folder_name,Class_categorical,File_name,Path
0,1,fold1,silence,107367-1.wav,C:\Andre_Florentino\03_particular\04_mestrado-FEI\97_master\_dataset\US8K_AV\fold1\107367-10-0-1.wav
1,1,fold1,silence,107367-10.wav,C:\Andre_Florentino\03_particular\04_mestrado-FEI\97_master\_dataset\US8K_AV\fold1\107367-10-0-10.wav
2,1,fold1,silence,107367-11.wav,C:\Andre_Florentino\03_particular\04_mestrado-FEI\97_master\_dataset\US8K_AV\fold1\107367-10-0-11.wav
3,1,fold1,silence,107367-12.wav,C:\Andre_Florentino\03_particular\04_mestrado-FEI\97_master\_dataset\US8K_AV\fold1\107367-10-0-12.wav
4,1,fold1,silence,107367-13.wav,C:\Andre_Florentino\03_particular\04_mestrado-FEI\97_master\_dataset\US8K_AV\fold1\107367-10-0-13.wav
5,1,fold1,silence,107367-14.wav,C:\Andre_Florentino\03_particular\04_mestrado-FEI\97_master\_dataset\US8K_AV\fold1\107367-10-0-14.wav
6,1,fold1,silence,107367-15.wav,C:\Andre_Florentino\03_particular\04_mestrado-FEI\97_master\_dataset\US8K_AV\fold1\107367-10-0-15.wav
7,1,fold1,silence,107367-16.wav,C:\Andre_Florentino\03_particular\04_mestrado-FEI\97_master\_dataset\US8K_AV\fold1\107367-10-0-16.wav
8,1,fold1,silence,107367-17.wav,C:\Andre_Florentino\03_particular\04_mestrado-FEI\97_master\_dataset\US8K_AV\fold1\107367-10-0-17.wav
9,1,fold1,silence,107367-18.wav,C:\Andre_Florentino\03_particular\04_mestrado-FEI\97_master\_dataset\US8K_AV\fold1\107367-10-0-18.wav
10,1,fold1,silence,107367-19.wav,C:\Andre_Florentino\03_particular\04_mestrado-FEI\97_master\_dataset\US8K_AV\fold1\107367-10-0-19.wav
11,1,fold1,silence,107367-2.wav,C:\Andre_Florentino\03_particular\04_mestrado-FEI\97_master\_dataset\US8K_AV\fold1\107367-10-0-2.wav
12,1,fold1,silence,107367-20.wav,C:\Andre_Florentino\03_particular\04_mestrado-FEI\97_master\_dataset\US8K_AV\fold1\107367-10-0-20.wav
13,1,fold1,silence,107367-3.wav,C:\Andre_Florentino\03_particular\04_mestrado-FEI\97_master\_dataset\US8K_AV\fold1\107367-10-0-3.wav
14,1,fold1,silence,107367-4.wav,C:\Andre_Florentino\03_particular\04_mestrado-FEI\97_master\_dataset\US8K_AV\fold1\107367-10-0-4.wav
15,1,fold1,silence,107367-5.wav,C:\Andre_Florentino\03_particular\04_mestrado-FEI\97_master\_dataset\US8K_AV\fold1\107367-10-0-5.wav
16,1,fold1,silence,107367-6.wav,C:\Andre_Florentino\03_particular\04_mestrado-FEI\97_master\_dataset\US8K_AV\fold1\107367-10-0-6.wav
17,1,fold1,silence,107367-7.wav,C:\Andre_Florentino\03_particular\04_mestrado-FEI\97_master\_dataset\US8K_AV\fold1\107367-10-0-7.wav
18,1,fold1,silence,107367-8.wav,C:\Andre_Florentino\03_particular\04_mestrado-FEI\97_master\_dataset\US8K_AV\fold1\107367-10-0-8.wav
19,1,fold1,silence,107367-9.wav,C:\Andre_Florentino\03_particular\04_mestrado-FEI\97_master\_dataset\US8K_AV\fold1\107367-10-0-9.wav
20,1,fold1,silence,170017-1.wav,C:\Andre_Florentino\03_particular\04_mestrado-FEI\97_master\_dataset\US8K_AV\fold1\170017-10-0-1.wav
21,1,fold1,silence,170017-10.wav,C:\Andre_Florentino\03_particular\04_mestrado-FEI\97_master\_dataset\US8K_AV\fold1\170017-10-0-10.wav
22,1,fold1,silence,170017-11.wav,C:\Andre_Florentino\03_particular\04_mestrado-FEI\97_master\_dataset\US8K_AV\fold1\170017-10-0-11.wav
23,1,fold1,silence,170017-12.wav,C:\Andre_Florentino\03_particular\04_mestrado-FEI\97_master\_dataset\US8K_AV\fold1\170017-10-0-12.wav
24,1,fold1,silence,170017-13.wav,C:\Andre_Florentino\03_particular\04_mestrado-FEI\97_master\_dataset\US8K_AV\fold1\170017-10-0-13.wav
25,1,fold1,silence,170017-14.wav,C:\Andre_Florentino\03_particular\04_mestrado-FEI\97_master\_dataset\US8K_AV\fold1\170017-10-0-14.wav
26,1,fold1,silence,170017-15.wav,C:\Andre_Florentino\03_particular\04_mestrado-FEI\97_master\_dataset\US8K_AV\fold1\170017-10-0-15.wav
27,1,fold1,silence,170017-16.wav,C:\Andre_Florentino\03_particular\04_mestrado-FEI\97_master\_dataset\US8K_AV\fold1\170017-10-0-16.wav
28,1,fold1,silence,170017-17.wav,C:\Andre_Florentino\03_particular\04_mestrado-FEI\97_master\_dataset\US8K_AV\fold1\170017-10-0-17.wav
29,1,fold1,silence,170017-18.wav,C:\Andre_Florentino\03_particular\04_mestrado-FEI\97_master\_dataset\US8K_AV\fold1\170017-10-0-18.wav
30,1,fold1,silence,170017-19.wav,C:\Andre_Florentino\03_particular\04_mestrado-FEI\97_master\_dataset\US8K_AV\fold1\170017-10-0-19.wav
31,1,fold1,silence,170017-2.wav,C:\Andre_Florentino\03_particular\04_mestrado-FEI\97_master\_dataset\US8K_AV\fold1\170017-10-0-2.wav
32,1,fold1,silence,170017-20.wav,C:\Andre_Florentino\03_particular\04_mestrado-FEI\97_master\_dataset\US8K_AV\fold1\170017-10-0-20.wav
33,1,fold1,silence,170017-3.wav,C:\Andre_Florentino\03_particular\04_mestrado-FEI\97_master\_dataset\US8K_AV\fold1\170017-10-0-3.wav
34,1,fold1,silence,170017-4.wav,C:\Andre_Florentino\03_particular\04_mestrado-FEI\97_master\_dataset\US8K_AV\fold1\170017-10-0-4.wav
35,1,fold1,silence,170017-5.wav,C:\Andre_Florentino\03_particular\04_mestrado-FEI\97_master\_dataset\US8K_AV\fold1\170017-10-0-5.wav
36,1,fold1,silence,170017-6.wav,C:\Andre_Florentino\03_particular\04_mestrado-FEI\97_master\_dataset\US8K_AV\fold1\170017-10-0-6.wav
37,1,fold1,silence,170017-7.wav,C:\Andre_Florentino\03_particular\04_mestrado-FEI\97_master\_dataset\US8K_AV\fold1\170017-10-0-7.wav
38,1,fold1,silence,170017-8.wav,C:\Andre_Florentino\03_particular\04_mestrado-FEI\97_master\_dataset\US8K_AV\fold1\170017-10-0-8.wav
39,1,fold1,silence,170017-9.wav,C:\Andre_Florentino\03_particular\04_mestrado-FEI\97_master\_dataset\US8K_AV\fold1\170017-10-0-9.wav
40,1,fold1,silence,254197-1.wav,C:\Andre_Florentino\03_particular\04_mestrado-FEI\97_master\_dataset\US8K_AV\fold1\254197-10-0-1.wav
41,1,fold1,silence,254197-2.wav,C:\Andre_Florentino\03_particular\04_mestrado-FEI\97_master\_dataset\US8K_AV\fold1\254197-10-0-2.wav
42,1,fold1,silence,254197-3.wav,C:\Andre_Florentino\03_particular\04_mestrado-FEI\97_master\_dataset\US8K_AV\fold1\254197-10-0-3.wav
43,1,fold1,silence,254197-4.wav,C:\Andre_Florentino\03_particular\04_mestrado-FEI\97_master\_dataset\US8K_AV\fold1\254197-10-0-4.wav
44,1,fold1,silence,254197-5.wav,C:\Andre_Florentino\03_particular\04_mestrado-FEI\97_master\_dataset\US8K_AV\fold1\254197-10-0-5.wav
45,1,fold1,silence,254197-6.wav,C:\Andre_Florentino\03_particular\04_mestrado-FEI\97_master\_dataset\US8K_AV\fold1\254197-10-0-6.wav
46,1,fold1,silence,254197-7.wav,C:\Andre_Florentino\03_particular\04_mestrado-FEI\97_master\_dataset\US8K_AV\fold1\254197-10-0-7.wav
47,1,fold1,silence,254197-8.wav,C:\Andre_Florentino\03_particular\04_mestrado-FEI\97_master\_dataset\US8K_AV\fold1\254197-10-0-8.wav
48,10,fold10,silence,655896-1.wav,C:\Andre_Florentino\03_particular\04_mestrado-FEI\97_master\_dataset\US8K_AV\fold10\655896-10-0-1.wav
49,10,fold10,silence,655896-10.wav,C:\Andre_Florentino\03_particular\04_mestrado-FEI\97_master\_dataset\US8K_AV\fold10\655896-10-0-10.wav
50,10,fold10,silence,655896-11.wav,C:\Andre_Florentino\03_particular\04_mestrado-FEI\97_master\_dataset\US8K_AV\fold10\655896-10-0-11.wav
51,10,fold10,silence,655896-12.wav,C:\Andre_Florentino\03_particular\04_mestrado-FEI\97_master\_dataset\US8K_AV\fold10\655896-10-0-12.wav
52,10,fold10,silence,655896-13.wav,C:\Andre_Florentino\03_particular\04_mestrado-FEI\97_master\_dataset\US8K_AV\fold10\655896-10-0-13.wav
53,10,fold10,silence,655896-14.wav,C:\Andre_Florentino\03_particular\04_mestrado-FEI\97_master\_dataset\US8K_AV\fold10\655896-10-0-14.wav
54,10,fold10,silence,655896-15.wav,C:\Andre_Florentino\03_particular\04_mestrado-FEI\97_master\_dataset\US8K_AV\fold10\655896-10-0-15.wav
55,10,fold10,silence,655896-16.wav,C:\Andre_Florentino\03_particular\04_mestrado-FEI\97_master\_dataset\US8K_AV\fold10\655896-10-0-16.wav
56,10,fold10,silence,655896-17.wav,C:\Andre_Florentino\03_particular\04_mestrado-FEI\97_master\_dataset\US8K_AV\fold10\655896-10-0-17.wav
57,10,fold10,silence,655896-18.wav,C:\Andre_Florentino\03_particular\04_mestrado-FEI\97_master\_dataset\US8K_AV\fold10\655896-10-0-18.wav
58,10,fold10,silence,655896-19.wav,C:\Andre_Florentino\03_particular\04_mestrado-FEI\97_master\_dataset\US8K_AV\fold10\655896-10-0-19.wav
59,10,fold10,silence,655896-2.wav,C:\Andre_Florentino\03_particular\04_mestrado-FEI\97_master\_dataset\US8K_AV\fold10\655896-10-0-2.wav
60,10,fold10,silence,655896-20.wav,C:\Andre_Florentino\03_particular\04_mestrado-FEI\97_master\_dataset\US8K_AV\fold10\655896-10-0-20.wav
61,10,fold10,silence,655896-3.wav,C:\Andre_Florentino\03_particular\04_mestrado-FEI\97_master\_dataset\US8K_AV\fold10\655896-10-0-3.wav
62,10,fold10,silence,655896-4.wav,C:\Andre_Florentino\03_particular\04_mestrado-FEI\97_master\_dataset\US8K_AV\fold10\655896-10-0-4.wav
63,10,fold10,silence,655896-5.wav,C:\Andre_Florentino\03_particular\04_mestrado-FEI\97_master\_dataset\US8K_AV\fold10\655896-10-0-5.wav
64,10,fold10,silence,655896-6.wav,C:\Andre_Florentino\03_particular\04_mestrado-FEI\97_master\_dataset\US8K_AV\fold10\655896-10-0-6.wav
65,10,fold10,silence,655896-7.wav,C:\Andre_Florentino\03_particular\04_mestrado-FEI\97_master\_dataset\US8K_AV\fold10\655896-10-0-7.wav
66,10,fold10,silence,655896-8.wav,C:\Andre_Florentino\03_particular\04_mestrado-FEI\97_master\_dataset\US8K_AV\fold10\655896-10-0-8.wav
67,10,fold10,silence,655896-9.wav,C:\Andre_Florentino\03_particular\04_mestrado-FEI\97_master\_dataset\US8K_AV\fold10\655896-10-0-9.wav
68,10,fold10,silence,693464-1.wav,C:\Andre_Florentino\03_particular\04_mestrado-FEI\97_master\_dataset\US8K_AV\fold10\693464-10-0-1.wav
69,10,fold10,silence,693464-2.wav,C:\Andre_Florentino\03_particular\04_mestrado-FEI\97_master\_dataset\US8K_AV\fold10\693464-10-0-2.wav
70,10,fold10,silence,693464-3.wav,C:\Andre_Florentino\03_particular\04_mestrado-FEI\97_master\_dataset\US8K_AV\fold10\693464-10-0-3.wav
71,10,fold10,silence,693464-4.wav,C:\Andre_Florentino\03_particular\04_mestrado-FEI\97_master\_dataset\US8K_AV\fold10\693464-10-0-4.wav
72,10,fold10,silence,693464-5.wav,C:\Andre_Florentino\03_particular\04_mestrado-FEI\97_master\_dataset\US8K_AV\fold10\693464-10-0-5.wav
73,10,fold10,silence,693464-6.wav,C:\Andre_Florentino\03_particular\04_mestrado-FEI\97_master\_dataset\US8K_AV\fold10\693464-10-0-6.wav
74,10,fold10,silence,693464-7.wav,C:\Andre_Florentino\03_particular\04_mestrado-FEI\97_master\_dataset\US8K_AV\fold10\693464-10-0-7.wav
75,10,fold10,silence,693464-8.wav,C:\Andre_Florentino\03_particular\04_mestrado-FEI\97_master\_dataset\US8K_AV\fold10\693464-10-0-8.wav
76,10,fold10,silence,693464-9.wav,C:\Andre_Florentino\03_particular\04_mestrado-FEI\97_master\_dataset\US8K_AV\fold10\693464-10-0-9.wav
77,10,fold10,silence,699660-1.wav,C:\Andre_Florentino\03_particular\04_mestrado-FEI\97_master\_dataset\US8K_AV\fold10\699660-10-0-1.wav
78,10,fold10,silence,699660-10.wav,C:\Andre_Florentino\03_particular\04_mestrado-FEI\97_master\_dataset\US8K_AV\fold10\699660-10-0-10.wav
79,10,fold10,silence,699660-11.wav,C:\Andre_Florentino\03_particular\04_mestrado-FEI\97_master\_dataset\US8K_AV\fold10\699660-10-0-11.wav
80,10,fold10,silence,699660-12.wav,C:\Andre_Florentino\03_particular\04_mestrado-FEI\97_master\_dataset\US8K_AV\fold10\699660-10-0-12.wav
81,10,fold10,silence,699660-13.wav,C:\Andre_Florentino\03_particular\04_mestrado-FEI\97_master\_dataset\US8K_AV\fold10\699660-10-0-13.wav
82,10,fold10,silence,699660-14.wav,C:\Andre_Florentino\03_particular\04_mestrado-FEI\97_master\_dataset\US8K_AV\fold10\699660-10-0-14.wav
83,10,fold10,silence,699660-15.wav,C:\Andre_Florentino\03_particular\04_mestrado-FEI\97_master\_dataset\US8K_AV\fold10\699660-10-0-15.wav
84,10,fold10,silence,699660-16.wav,C:\Andre_Florentino\03_particular\04_mestrado-FEI\97_master\_dataset\US8K_AV\fold10\699660-10-0-16.wav
85,10,fold10,silence,699660-17.wav,C:\Andre_Florentino\03_particular\04_mestrado-FEI\97_master\_dataset\US8K_AV\fold10\699660-10-0-17.wav
86,10,fold10,silence,699660-18.wav,C:\Andre_Florentino\03_particular\04_mestrado-FEI\97_master\_dataset\US8K_AV\fold10\699660-10-0-18.wav
87,10,fold10,silence,699660-19.wav,C:\Andre_Florentino\03_particular\04_mestrado-FEI\97_master\_dataset\US8K_AV\fold10\699660-10-0-19.wav
88,10,fold10,silence,699660-2.wav,C:\Andre_Florentino\03_particular\04_mestrado-FEI\97_master\_dataset\US8K_AV\fold10\699660-10-0-2.wav
89,10,fold10,silence,699660-20.wav,C:\Andre_Florentino\03_particular\04_mestrado-FEI\97_master\_dataset\US8K_AV\fold10\699660-10-0-20.wav
90,10,fold10,silence,699660-3.wav,C:\Andre_Florentino\03_particular\04_mestrado-FEI\97_master\_dataset\US8K_AV\fold10\699660-10-0-3.wav
91,10,fold10,silence,699660-4.wav,C:\Andre_Florentino\03_particular\04_mestrado-FEI\97_master\_dataset\US8K_AV\fold10\699660-10-0-4.wav
92,10,fold10,silence,699660-5.wav,C:\Andre_Florentino\03_particular\04_mestrado-FEI\97_master\_dataset\US8K_AV\fold10\699660-10-0-5.wav
93,10,fold10,silence,699660-6.wav,C:\Andre_Florentino\03_particular\04_mestrado-FEI\97_master\_dataset\US8K_AV\fold10\699660-10-0-6.wav
94,10,fold10,silence,699660-7.wav,C:\Andre_Florentino\03_particular\04_mestrado-FEI\97_master\_dataset\US8K_AV\fold10\699660-10-0-7.wav
95,10,fold10,silence,699660-8.wav,C:\Andre_Florentino\03_particular\04_mestrado-FEI\97_master\_dataset\US8K_AV\fold10\699660-10-0-8.wav
96,10,fold10,silence,699660-9.wav,C:\Andre_Florentino\03_particular\04_mestrado-FEI\97_master\_dataset\US8K_AV\fold10\699660-10-0-9.wav
97,2,fold2,silence,192666-1.wav,C:\Andre_Florentino\03_particular\04_mestrado-FEI\97_master\_dataset\US8K_AV\fold2\192666-10-0-1.wav
98,2,fold2,silence,192666-10.wav,C:\Andre_Florentino\03_particular\04_mestrado-FEI\97_master\_dataset\US8K_AV\fold2\192666-10-0-10.wav
99,2,fold2,silence,192666-11.wav,C:\Andre_Florentino\03_particular\04_mestrado-FEI\97_master\_dataset\US8K_AV\fold2\192666-10-0-11.wav
100,2,fold2,silence,192666-12.wav,C:\Andre_Florentino\03_particular\04_mestrado-FEI\97_master\_dataset\US8K_AV\fold2\192666-10-0-12.wav
101,2,fold2,silence,192666-13.wav,C:\Andre_Florentino\03_particular\04_mestrado-FEI\97_master\_dataset\US8K_AV\fold2\192666-10-0-13.wav
102,2,fold2,silence,192666-14.wav,C:\Andre_Florentino\03_particular\04_mestrado-FEI\97_master\_dataset\US8K_AV\fold2\192666-10-0-14.wav
103,2,fold2,silence,192666-15.wav,C:\Andre_Florentino\03_particular\04_mestrado-FEI\97_master\_dataset\US8K_AV\fold2\192666-10-0-15.wav
104,2,fold2,silence,192666-16.wav,C:\Andre_Florentino\03_particular\04_mestrado-FEI\97_master\_dataset\US8K_AV\fold2\192666-10-0-16.wav
105,2,fold2,silence,192666-17.wav,C:\Andre_Florentino\03_particular\04_mestrado-FEI\97_master\_dataset\US8K_AV\fold2\192666-10-0-17.wav
106,2,fold2,silence,192666-18.wav,C:\Andre_Florentino\03_particular\04_mestrado-FEI\97_master\_dataset\US8K_AV\fold2\192666-10-0-18.wav
107,2,fold2,silence,192666-19.wav,C:\Andre_Florentino\03_particular\04_mestrado-FEI\97_master\_dataset\US8K_AV\fold2\192666-10-0-19.wav
108,2,fold2,silence,192666-2.wav,C:\Andre_Florentino\03_particular\04_mestrado-FEI\97_master\_dataset\US8K_AV\fold2\192666-10-0-2.wav
109,2,fold2,silence,192666-20.wav,C:\Andre_Florentino\03_particular\04_mestrado-FEI\97_master\_dataset\US8K_AV\fold2\192666-10-0-20.wav
110,2,fold2,silence,192666-3.wav,C:\Andre_Florentino\03_particular\04_mestrado-FEI\97_master\_dataset\US8K_AV\fold2\192666-10-0-3.wav
111,2,fold2,silence,192666-4.wav,C:\Andre_Florentino\03_particular\04_mestrado-FEI\97_master\_dataset\US8K_AV\fold2\192666-10-0-4.wav
112,2,fold2,silence,192666-5.wav,C:\Andre_Florentino\03_particular\04_mestrado-FEI\97_master\_dataset\US8K_AV\fold2\192666-10-0-5.wav
113,2,fold2,silence,192666-6.wav,C:\Andre_Florentino\03_particular\04_mestrado-FEI\97_master\_dataset\US8K_AV\fold2\192666-10-0-6.wav
114,2,fold2,silence,192666-7.wav,C:\Andre_Florentino\03_particular\04_mestrado-FEI\97_master\_dataset\US8K_AV\fold2\192666-10-0-7.wav
115,2,fold2,silence,192666-8.wav,C:\Andre_Florentino\03_particular\04_mestrado-FEI\97_master\_dataset\US8K_AV\fold2\192666-10-0-8.wav
116,2,fold2,silence,192666-9.wav,C:\Andre_Florentino\03_particular\04_mestrado-FEI\97_master\_dataset\US8K_AV\fold2\192666-10-0-9.wav
117,2,fold2,silence,196153-1.wav,C:\Andre_Florentino\03_particular\04_mestrado-FEI\97_master\_dataset\US8K_AV\fold2\196153-10-0-1.wav
118,2,fold2,silence,196153-2.wav,C:\Andre_Florentino\03_particular\04_mestrado-FEI\97_master\_dataset\US8K_AV\fold2\196153-10-0-2.wav
119,2,fold2,silence,196153-3.wav,C:\Andre_Florentino\03_particular\04_mestrado-FEI\97_master\_dataset\US8K_AV\fold2\196153-10-0-3.wav
120,2,fold2,silence,196153-4.wav,C:\Andre_Florentino\03_particular\04_mestrado-FEI\97_master\_dataset\US8K_AV\fold2\196153-10-0-4.wav
121,2,fold2,silence,196153-5.wav,C:\Andre_Florentino\03_particular\04_mestrado-FEI\97_master\_dataset\US8K_AV\fold2\196153-10-0-5.wav
122,2,fold2,silence,196153-6.wav,C:\Andre_Florentino\03_particular\04_mestrado-FEI\97_master\_dataset\US8K_AV\fold2\196153-10-0-6.wav
123,2,fold2,silence,268982-1.wav,C:\Andre_Florentino\03_particular\04_mestrado-FEI\97_master\_dataset\US8K_AV\fold2\268982-10-0-1.wav
124,2,fold2,silence,268982-10.wav,C:\Andre_Florentino\03_particular\04_mestrado-FEI\97_master\_dataset\US8K_AV\fold2\268982-10-0-10.wav
125,2,fold2,silence,268982-11.wav,C:\Andre_Florentino\03_particular\04_mestrado-FEI\97_master\_dataset\US8K_AV\fold2\268982-10-0-11.wav
126,2,fold2,silence,268982-12.wav,C:\Andre_Florentino\03_particular\04_mestrado-FEI\97_master\_dataset\US8K_AV\fold2\268982-10-0-12.wav
127,2,fold2,silence,268982-13.wav,C:\Andre_Florentino\03_particular\04_mestrado-FEI\97_master\_dataset\US8K_AV\fold2\268982-10-0-13.wav
128,2,fold2,silence,268982-14.wav,C:\Andre_Florentino\03_particular\04_mestrado-FEI\97_master\_dataset\US8K_AV\fold2\268982-10-0-14.wav
129,2,fold2,silence,268982-15.wav,C:\Andre_Florentino\03_particular\04_mestrado-FEI\97_master\_dataset\US8K_AV\fold2\268982-10-0-15.wav
130,2,fold2,silence,268982-16.wav,C:\Andre_Florentino\03_particular\04_mestrado-FEI\97_master\_dataset\US8K_AV\fold2\268982-10-0-16.wav
131,2,fold2,silence,268982-17.wav,C:\Andre_Florentino\03_particular\04_mestrado-FEI\97_master\_dataset\US8K_AV\fold2\268982-10-0-17.wav
132,2,fold2,silence,268982-18.wav,C:\Andre_Florentino\03_particular\04_mestrado-FEI\97_master\_dataset\US8K_AV\fold2\268982-10-0-18.wav
133,2,fold2,silence,268982-19.wav,C:\Andre_Florentino\03_particular\04_mestrado-FEI\97_master\_dataset\US8K_AV\fold2\268982-10-0-19.wav
134,2,fold2,silence,268982-2.wav,C:\Andre_Florentino\03_particular\04_mestrado-FEI\97_master\_dataset\US8K_AV\fold2\268982-10-0-2.wav
135,2,fold2,silence,268982-20.wav,C:\Andre_Florentino\03_particular\04_mestrado-FEI\97_master\_dataset\US8K_AV\fold2\268982-10-0-20.wav
136,2,fold2,silence,268982-3.wav,C:\Andre_Florentino\03_particular\04_mestrado-FEI\97_master\_dataset\US8K_AV\fold2\268982-10-0-3.wav
137,2,fold2,silence,268982-4.wav,C:\Andre_Florentino\03_particular\04_mestrado-FEI\97_master\_dataset\US8K_AV\fold2\268982-10-0-4.wav
138,2,fold2,silence,268982-5.wav,C:\Andre_Florentino\03_particular\04_mestrado-FEI\97_master\_dataset\US8K_AV\fold2\268982-10-0-5.wav
139,2,fold2,silence,268982-6.wav,C:\Andre_Florentino\03_particular\04_mestrado-FEI\97_master\_dataset\US8K_AV\fold2\268982-10-0-6.wav
140,2,fold2,silence,268982-7.wav,C:\Andre_Florentino\03_particular\04_mestrado-FEI\97_master\_dataset\US8K_AV\fold2\268982-10-0-7.wav
141,2,fold2,silence,268982-8.wav,C:\Andre_Florentino\03_particular\04_mestrado-FEI\97_master\_dataset\US8K_AV\fold2\268982-10-0-8.wav
142,2,fold2,silence,268982-9.wav,C:\Andre_Florentino\03_particular\04_mestrado-FEI\97_master\_dataset\US8K_AV\fold2\268982-10-0-9.wav
143,2,fold2,silence,708165-1.wav,C:\Andre_Florentino\03_particular\04_mestrado-FEI\97_master\_dataset\US8K_AV\fold2\708165-10-0-1.wav
144,2,fold2,silence,708165-10.wav,C:\Andre_Florentino\03_particular\04_mestrado-FEI\97_master\_dataset\US8K_AV\fold2\708165-10-0-10.wav
145,2,fold2,silence,708165-2.wav,C:\Andre_Florentino\03_particular\04_mestrado-FEI\97_master\_dataset\US8K_AV\fold2\708165-10-0-2.wav
146,2,fold2,silence,708165-3.wav,C:\Andre_Florentino\03_particular\04_mestrado-FEI\97_master\_dataset\US8K_AV\fold2\708165-10-0-3.wav
147,2,fold2,silence,708165-4.wav,C:\Andre_Florentino\03_particular\04_mestrado-FEI\97_master\_dataset\US8K_AV\fold2\708165-10-0-4.wav
148,2,fold2,silence,708165-5.wav,C:\Andre_Florentino\03_particular\04_mestrado-FEI\97_master\_dataset\US8K_AV\fold2\708165-10-0-5.wav
149,2,fold2,silence,708165-6.wav,C:\Andre_Florentino\03_particular\04_mestrado-FEI\97_master\_dataset\US8K_AV\fold2\708165-10-0-6.wav
150,2,fold2,silence,708165-7.wav,C:\Andre_Florentino\03_particular\04_mestrado-FEI\97_master\_dataset\US8K_AV\fold2\708165-10-0-7.wav
151,2,fold2,silence,708165-8.wav,C:\Andre_Florentino\03_particular\04_mestrado-FEI\97_master\_dataset\US8K_AV\fold2\708165-10-0-8.wav
152,2,fold2,silence,708165-9.wav,C:\Andre_Florentino\03_particular\04_mestrado-FEI\97_master\_dataset\US8K_AV\fold2\708165-10-0-9.wav
153,3,fold3,silence,544309-1.wav,C:\Andre_Florentino\03_particular\04_mestrado-FEI\97_master\_dataset\US8K_AV\fold3\544309-10-0-1.wav
154,3,fold3,silence,544309-10.wav,C:\Andre_Florentino\03_particular\04_mestrado-FEI\97_master\_dataset\US8K_AV\fold3\544309-10-0-10.wav
155,3,fold3,silence,544309-11.wav,C:\Andre_Florentino\03_particular\04_mestrado-FEI\97_master\_dataset\US8K_AV\fold3\544309-10-0-11.wav
156,3,fold3,silence,544309-12.wav,C:\Andre_Florentino\03_particular\04_mestrado-FEI\97_master\_dataset\US8K_AV\fold3\544309-10-0-12.wav
157,3,fold3,silence,544309-13.wav,C:\Andre_Florentino\03_particular\04_mestrado-FEI\97_master\_dataset\US8K_AV\fold3\544309-10-0-13.wav
158,3,fold3,silence,544309-14.wav,C:\Andre_Florentino\03_particular\04_mestrado-FEI\97_master\_dataset\US8K_AV\fold3\544309-10-0-14.wav
159,3,fold3,silence,544309-15.wav,C:\Andre_Florentino\03_particular\04_mestrado-FEI\97_master\_dataset\US8K_AV\fold3\544309-10-0-15.wav
160,3,fold3,silence,544309-16.wav,C:\Andre_Florentino\03_particular\04_mestrado-FEI\97_master\_dataset\US8K_AV\fold3\544309-10-0-16.wav
161,3,fold3,silence,544309-17.wav,C:\Andre_Florentino\03_particular\04_mestrado-FEI\97_master\_dataset\US8K_AV\fold3\544309-10-0-17.wav
162,3,fold3,silence,544309-18.wav,C:\Andre_Florentino\03_particular\04_mestrado-FEI\97_master\_dataset\US8K_AV\fold3\544309-10-0-18.wav
163,3,fold3,silence,544309-19.wav,C:\Andre_Florentino\03_particular\04_mestrado-FEI\97_master\_dataset\US8K_AV\fold3\544309-10-0-19.wav
164,3,fold3,silence,544309-2.wav,C:\Andre_Florentino\03_particular\04_mestrado-FEI\97_master\_dataset\US8K_AV\fold3\544309-10-0-2.wav
165,3,fold3,silence,544309-20.wav,C:\Andre_Florentino\03_particular\04_mestrado-FEI\97_master\_dataset\US8K_AV\fold3\544309-10-0-20.wav
166,3,fold3,silence,544309-3.wav,C:\Andre_Florentino\03_particular\04_mestrado-FEI\97_master\_dataset\US8K_AV\fold3\544309-10-0-3.wav
167,3,fold3,silence,544309-4.wav,C:\Andre_Florentino\03_particular\04_mestrado-FEI\97_master\_dataset\US8K_AV\fold3\544309-10-0-4.wav
168,3,fold3,silence,544309-5.wav,C:\Andre_Florentino\03_particular\04_mestrado-FEI\97_master\_dataset\US8K_AV\fold3\544309-10-0-5.wav
169,3,fold3,silence,544309-6.wav,C:\Andre_Florentino\03_particular\04_mestrado-FEI\97_master\_dataset\US8K_AV\fold3\544309-10-0-6.wav
170,3,fold3,silence,544309-7.wav,C:\Andre_Florentino\03_particular\04_mestrado-FEI\97_master\_dataset\US8K_AV\fold3\544309-10-0-7.wav
171,3,fold3,silence,544309-8.wav,C:\Andre_Florentino\03_particular\04_mestrado-FEI\97_master\_dataset\US8K_AV\fold3\544309-10-0-8.wav
172,3,fold3,silence,544309-9.wav,C:\Andre_Florentino\03_particular\04_mestrado-FEI\97_master\_dataset\US8K_AV\fold3\544309-10-0-9.wav
173,3,fold3,silence,588400-1.wav,C:\Andre_Florentino\03_particular\04_mestrado-FEI\97_master\_dataset\US8K_AV\fold3\588400-10-0-1.wav
174,3,fold3,silence,588400-10.wav,C:\Andre_Florentino\03_particular\04_mestrado-FEI\97_master\_dataset\US8K_AV\fold3\588400-10-0-10.wav
175,3,fold3,silence,588400-11.wav,C:\Andre_Florentino\03_particular\04_mestrado-FEI\97_master\_dataset\US8K_AV\fold3\588400-10-0-11.wav
176,3,fold3,silence,588400-12.wav,C:\Andre_Florentino\03_particular\04_mestrado-FEI\97_master\_dataset\US8K_AV\fold3\588400-10-0-12.wav
177,3,fold3,silence,588400-13.wav,C:\Andre_Florentino\03_particular\04_mestrado-FEI\97_master\_dataset\US8K_AV\fold3\588400-10-0-13.wav
178,3,fold3,silence,588400-14.wav,C:\Andre_Florentino\03_particular\04_mestrado-FEI\97_master\_dataset\US8K_AV\fold3\588400-10-0-14.wav
179,3,fold3,silence,588400-15.wav,C:\Andre_Florentino\03_particular\04_mestrado-FEI\97_master\_dataset\US8K_AV\fold3\588400-10-0-15.wav
180,3,fold3,silence,588400-16.wav,C:\Andre_Florentino\03_particular\04_mestrado-FEI\97_master\_dataset\US8K_AV\fold3\588400-10-0-16.wav
181,3,fold3,silence,588400-17.wav,C:\Andre_Florentino\03_particular\04_mestrado-FEI\97_master\_dataset\US8K_AV\fold3\588400-10-0-17.wav
182,3,fold3,silence,588400-18.wav,C:\Andre_Florentino\03_particular\04_mestrado-FEI\97_master\_dataset\US8K_AV\fold3\588400-10-0-18.wav
183,3,fold3,silence,588400-19.wav,C:\Andre_Florentino\03_particular\04_mestrado-FEI\97_master\_dataset\US8K_AV\fold3\588400-10-0-19.wav
184,3,fold3,silence,588400-2.wav,C:\Andre_Florentino\03_particular\04_mestrado-FEI\97_master\_dataset\US8K_AV\fold3\588400-10-0-2.wav
185,3,fold3,silence,588400-20.wav,C:\Andre_Florentino\03_particular\04_mestrado-FEI\97_master\_dataset\US8K_AV\fold3\588400-10-0-20.wav
186,3,fold3,silence,588400-3.wav,C:\Andre_Florentino\03_particular\04_mestrado-FEI\97_master\_dataset\US8K_AV\fold3\588400-10-0-3.wav
187,3,fold3,silence,588400-4.wav,C:\Andre_Florentino\03_particular\04_mestrado-FEI\97_master\_dataset\US8K_AV\fold3\588400-10-0-4.wav
188,3,fold3,silence,588400-5.wav,C:\Andre_Florentino\03_particular\04_mestrado-FEI\97_master\_dataset\US8K_AV\fold3\588400-10-0-5.wav
189,3,fold3,silence,588400-6.wav,C:\Andre_Florentino\03_particular\04_mestrado-FEI\97_master\_dataset\US8K_AV\fold3\588400-10-0-6.wav
190,3,fold3,silence,588400-7.wav,C:\Andre_Florentino\03_particular\04_mestrado-FEI\97_master\_dataset\US8K_AV\fold3\588400-10-0-7.wav
191,3,fold3,silence,588400-8.wav,C:\Andre_Florentino\03_particular\04_mestrado-FEI\97_master\_dataset\US8K_AV\fold3\588400-10-0-8.wav
192,3,fold3,silence,588400-9.wav,C:\Andre_Florentino\03_particular\04_mestrado-FEI\97_master\_dataset\US8K_AV\fold3\588400-10-0-9.wav
193,3,fold3,silence,611590-1.wav,C:\Andre_Florentino\03_particular\04_mestrado-FEI\97_master\_dataset\US8K_AV\fold3\611590-10-0-1.wav
194,3,fold3,silence,611590-10.wav,C:\Andre_Florentino\03_particular\04_mestrado-FEI\97_master\_dataset\US8K_AV\fold3\611590-10-0-10.wav
195,3,fold3,silence,611590-11.wav,C:\Andre_Florentino\03_particular\04_mestrado-FEI\97_master\_dataset\US8K_AV\fold3\611590-10-0-11.wav
196,3,fold3,silence,611590-12.wav,C:\Andre_Florentino\03_particular\04_mestrado-FEI\97_master\_dataset\US8K_AV\fold3\611590-10-0-12.wav
197,3,fold3,silence,611590-13.wav,C:\Andre_Florentino\03_particular\04_mestrado-FEI\97_master\_dataset\US8K_AV\fold3\611590-10-0-13.wav
198,3,fold3,silence,611590-14.wav,C:\Andre_Florentino\03_particular\04_mestrado-FEI\97_master\_dataset\US8K_AV\fold3\611590-10-0-14.wav
199,3,fold3,silence,611590-2.wav,C:\Andre_Florentino\03_particular\04_mestrado-FEI\97_master\_dataset\US8K_AV\fold3\611590-10-0-2.wav
200,3,fold3,silence,611590-3.wav,C:\Andre_Florentino\03_particular\04_mestrado-FEI\97_master\_dataset\US8K_AV\fold3\611590-10-0-3.wav
201,3,fold3,silence,611590-4.wav,C:\Andre_Florentino\03_particular\04_mestrado-FEI\97_master\_dataset\US8K_AV\fold3\611590-10-0-4.wav
202,3,fold3,silence,611590-5.wav,C:\Andre_Florentino\03_particular\04_mestrado-FEI\97_master\_dataset\US8K_AV\fold3\611590-10-0-5.wav
203,3,fold3,silence,611590-6.wav,C:\Andre_Florentino\03_particular\04_mestrado-FEI\97_master\_dataset\US8K_AV\fold3\611590-10-0-6.wav
204,3,fold3,silence,611590-7.wav,C:\Andre_Florentino\03_particular\04_mestrado-FEI\97_master\_dataset\US8K_AV\fold3\611590-10-0-7.wav
205,3,fold3,silence,611590-8.wav,C:\Andre_Florentino\03_particular\04_mestrado-FEI\97_master\_dataset\US8K_AV\fold3\611590-10-0-8.wav
206,3,fold3,silence,611590-9.wav,C:\Andre_Florentino\03_particular\04_mestrado-FEI\97_master\_dataset\US8K_AV\fold3\611590-10-0-9.wav
207,4,fold4,silence,723311-1.wav,C:\Andre_Florentino\03_particular\04_mestrado-FEI\97_master\_dataset\US8K_AV\fold4\723311-10-0-1.wav
208,4,fold4,silence,723311-10.wav,C:\Andre_Florentino\03_particular\04_mestrado-FEI\97_master\_dataset\US8K_AV\fold4\723311-10-0-10.wav
209,4,fold4,silence,723311-11.wav,C:\Andre_Florentino\03_particular\04_mestrado-FEI\97_master\_dataset\US8K_AV\fold4\723311-10-0-11.wav
210,4,fold4,silence,723311-12.wav,C:\Andre_Florentino\03_particular\04_mestrado-FEI\97_master\_dataset\US8K_AV\fold4\723311-10-0-12.wav
211,4,fold4,silence,723311-13.wav,C:\Andre_Florentino\03_particular\04_mestrado-FEI\97_master\_dataset\US8K_AV\fold4\723311-10-0-13.wav
212,4,fold4,silence,723311-14.wav,C:\Andre_Florentino\03_particular\04_mestrado-FEI\97_master\_dataset\US8K_AV\fold4\723311-10-0-14.wav
213,4,fold4,silence,723311-15.wav,C:\Andre_Florentino\03_particular\04_mestrado-FEI\97_master\_dataset\US8K_AV\fold4\723311-10-0-15.wav
214,4,fold4,silence,723311-16.wav,C:\Andre_Florentino\03_particular\04_mestrado-FEI\97_master\_dataset\US8K_AV\fold4\723311-10-0-16.wav
215,4,fold4,silence,723311-17.wav,C:\Andre_Florentino\03_particular\04_mestrado-FEI\97_master\_dataset\US8K_AV\fold4\723311-10-0-17.wav
216,4,fold4,silence,723311-18.wav,C:\Andre_Florentino\03_particular\04_mestrado-FEI\97_master\_dataset\US8K_AV\fold4\723311-10-0-18.wav
217,4,fold4,silence,723311-19.wav,C:\Andre_Florentino\03_particular\04_mestrado-FEI\97_master\_dataset\US8K_AV\fold4\723311-10-0-19.wav
218,4,fold4,silence,723311-2.wav,C:\Andre_Florentino\03_particular\04_mestrado-FEI\97_master\_dataset\US8K_AV\fold4\723311-10-0-2.wav
219,4,fold4,silence,723311-20.wav,C:\Andre_Florentino\03_particular\04_mestrado-FEI\97_master\_dataset\US8K_AV\fold4\723311-10-0-20.wav
220,4,fold4,silence,723311-3.wav,C:\Andre_Florentino\03_particular\04_mestrado-FEI\97_master\_dataset\US8K_AV\fold4\723311-10-0-3.wav
221,4,fold4,silence,723311-4.wav,C:\Andre_Florentino\03_particular\04_mestrado-FEI\97_master\_dataset\US8K_AV\fold4\723311-10-0-4.wav
222,4,fold4,silence,723311-5.wav,C:\Andre_Florentino\03_particular\04_mestrado-FEI\97_master\_dataset\US8K_AV\fold4\723311-10-0-5.wav
223,4,fold4,silence,723311-6.wav,C:\Andre_Florentino\03_particular\04_mestrado-FEI\97_master\_dataset\US8K_AV\fold4\723311-10-0-6.wav
224,4,fold4,silence,723311-7.wav,C:\Andre_Florentino\03_particular\04_mestrado-FEI\97_master\_dataset\US8K_AV\fold4\723311-10-0-7.wav
225,4,fold4,silence,723311-8.wav,C:\Andre_Florentino\03_particular\04_mestrado-FEI\97_master\_dataset\US8K_AV\fold4\723311-10-0-8.wav
226,4,fold4,silence,723311-9.wav,C:\Andre_Florentino\03_particular\04_mestrado-FEI\97_master\_dataset\US8K_AV\fold4\723311-10-0-9.wav
227,4,fold4,silence,727510-1.wav,C:\Andre_Florentino\03_particular\04_mestrado-FEI\97_master\_dataset\US8K_AV\fold4\727510-10-0-1.wav
228,4,fold4,silence,727510-10.wav,C:\Andre_Florentino\03_particular\04_mestrado-FEI\97_master\_dataset\US8K_AV\fold4\727510-10-0-10.wav
229,4,fold4,silence,727510-11.wav,C:\Andre_Florentino\03_particular\04_mestrado-FEI\97_master\_dataset\US8K_AV\fold4\727510-10-0-11.wav
230,4,fold4,silence,727510-12.wav,C:\Andre_Florentino\03_particular\04_mestrado-FEI\97_master\_dataset\US8K_AV\fold4\727510-10-0-12.wav
231,4,fold4,silence,727510-13.wav,C:\Andre_Florentino\03_particular\04_mestrado-FEI\97_master\_dataset\US8K_AV\fold4\727510-10-0-13.wav
232,4,fold4,silence,727510-14.wav,C:\Andre_Florentino\03_particular\04_mestrado-FEI\97_master\_dataset\US8K_AV\fold4\727510-10-0-14.wav
233,4,fold4,silence,727510-15.wav,C:\Andre_Florentino\03_particular\04_mestrado-FEI\97_master\_dataset\US8K_AV\fold4\727510-10-0-15.wav
234,4,fold4,silence,727510-16.wav,C:\Andre_Florentino\03_particular\04_mestrado-FEI\97_master\_dataset\US8K_AV\fold4\727510-10-0-16.wav
235,4,fold4,silence,727510-17.wav,C:\Andre_Florentino\03_particular\04_mestrado-FEI\97_master\_dataset\US8K_AV\fold4\727510-10-0-17.wav
236,4,fold4,silence,727510-18.wav,C:\Andre_Florentino\03_particular\04_mestrado-FEI\97_master\_dataset\US8K_AV\fold4\727510-10-0-18.wav
237,4,fold4,silence,727510-19.wav,C:\Andre_Florentino\03_particular\04_mestrado-FEI\97_master\_dataset\US8K_AV\fold4\727510-10-0-19.wav
238,4,fold4,silence,727510-2.wav,C:\Andre_Florentino\03_particular\04_mestrado-FEI\97_master\_dataset\US8K_AV\fold4\727510-10-0-2.wav
239,4,fold4,silence,727510-20.wav,C:\Andre_Florentino\03_particular\04_mestrado-FEI\97_master\_dataset\US8K_AV\fold4\727510-10-0-20.wav
240,4,fold4,silence,727510-3.wav,C:\Andre_Florentino\03_particular\04_mestrado-FEI\97_master\_dataset\US8K_AV\fold4\727510-10-0-3.wav
241,4,fold4,silence,727510-4.wav,C:\Andre_Florentino\03_particular\04_mestrado-FEI\97_master\_dataset\US8K_AV\fold4\727510-10-0-4.wav
242,4,fold4,silence,727510-5.wav,C:\Andre_Florentino\03_particular\04_mestrado-FEI\97_master\_dataset\US8K_AV\fold4\727510-10-0-5.wav
243,4,fold4,silence,727510-6.wav,C:\Andre_Florentino\03_particular\04_mestrado-FEI\97_master\_dataset\US8K_AV\fold4\727510-10-0-6.wav
244,4,fold4,silence,727510-7.wav,C:\Andre_Florentino\03_particular\04_mestrado-FEI\97_master\_dataset\US8K_AV\fold4\727510-10-0-7.wav
245,4,fold4,silence,727510-8.wav,C:\Andre_Florentino\03_particular\04_mestrado-FEI\97_master\_dataset\US8K_AV\fold4\727510-10-0-8.wav
246,4,fold4,silence,727510-9.wav,C:\Andre_Florentino\03_particular\04_mestrado-FEI\97_master\_dataset\US8K_AV\fold4\727510-10-0-9.wav
247,4,fold4,silence,736583-1.wav,C:\Andre_Florentino\03_particular\04_mestrado-FEI\97_master\_dataset\US8K_AV\fold4\736583-10-0-1.wav
248,4,fold4,silence,736583-10.wav,C:\Andre_Florentino\03_particular\04_mestrado-FEI\97_master\_dataset\US8K_AV\fold4\736583-10-0-10.wav
249,4,fold4,silence,736583-11.wav,C:\Andre_Florentino\03_particular\04_mestrado-FEI\97_master\_dataset\US8K_AV\fold4\736583-10-0-11.wav
250,4,fold4,silence,736583-12.wav,C:\Andre_Florentino\03_particular\04_mestrado-FEI\97_master\_dataset\US8K_AV\fold4\736583-10-0-12.wav
251,4,fold4,silence,736583-13.wav,C:\Andre_Florentino\03_particular\04_mestrado-FEI\97_master\_dataset\US8K_AV\fold4\736583-10-0-13.wav
252,4,fold4,silence,736583-14.wav,C:\Andre_Florentino\03_particular\04_mestrado-FEI\97_master\_dataset\US8K_AV\fold4\736583-10-0-14.wav
253,4,fold4,silence,736583-15.wav,C:\Andre_Florentino\03_particular\04_mestrado-FEI\97_master\_dataset\US8K_AV\fold4\736583-10-0-15.wav
254,4,fold4,silence,736583-16.wav,C:\Andre_Florentino\03_particular\04_mestrado-FEI\97_master\_dataset\US8K_AV\fold4\736583-10-0-16.wav
255,4,fold4,silence,736583-17.wav,C:\Andre_Florentino\03_particular\04_mestrado-FEI\97_master\_dataset\US8K_AV\fold4\736583-10-0-17.wav
256,4,fold4,silence,736583-18.wav,C:\Andre_Florentino\03_particular\04_mestrado-FEI\97_master\_dataset\US8K_AV\fold4\736583-10-0-18.wav
257,4,fold4,silence,736583-19.wav,C:\Andre_Florentino\03_particular\04_mestrado-FEI\97_master\_dataset\US8K_AV\fold4\736583-10-0-19.wav
258,4,fold4,silence,736583-2.wav,C:\Andre_Florentino\03_particular\04_mestrado-FEI\97_master\_dataset\US8K_AV\fold4\736583-10-0-2.wav
259,4,fold4,silence,736583-20.wav,C:\Andre_Florentino\03_particular\04_mestrado-FEI\97_master\_dataset\US8K_AV\fold4\736583-10-0-20.wav
260,4,fold4,silence,736583-3.wav,C:\Andre_Florentino\03_particular\04_mestrado-FEI\97_master\_dataset\US8K_AV\fold4\736583-10-0-3.wav
261,4,fold4,silence,736583-4.wav,C:\Andre_Florentino\03_particular\04_mestrado-FEI\97_master\_dataset\US8K_AV\fold4\736583-10-0-4.wav
262,4,fold4,silence,736583-5.wav,C:\Andre_Florentino\03_particular\04_mestrado-FEI\97_master\_dataset\US8K_AV\fold4\736583-10-0-5.wav
263,4,fold4,silence,736583-6.wav,C:\Andre_Florentino\03_particular\04_mestrado-FEI\97_master\_dataset\US8K_AV\fold4\736583-10-0-6.wav
264,4,fold4,silence,736583-7.wav,C:\Andre_Florentino\03_particular\04_mestrado-FEI\97_master\_dataset\US8K_AV\fold4\736583-10-0-7.wav
265,4,fold4,silence,736583-8.wav,C:\Andre_Florentino\03_particular\04_mestrado-FEI\97_master\_dataset\US8K_AV\fold4\736583-10-0-8.wav
266,4,fold4,silence,736583-9.wav,C:\Andre_Florentino\03_particular\04_mestrado-FEI\97_master\_dataset\US8K_AV\fold4\736583-10-0-9.wav
267,5,fold5,silence,273135-1.wav,C:\Andre_Florentino\03_particular\04_mestrado-FEI\97_master\_dataset\US8K_AV\fold5\273135-10-0-1.wav
268,5,fold5,silence,273135-10.wav,C:\Andre_Florentino\03_particular\04_mestrado-FEI\97_master\_dataset\US8K_AV\fold5\273135-10-0-10.wav
269,5,fold5,silence,273135-11.wav,C:\Andre_Florentino\03_particular\04_mestrado-FEI\97_master\_dataset\US8K_AV\fold5\273135-10-0-11.wav
270,5,fold5,silence,273135-12.wav,C:\Andre_Florentino\03_particular\04_mestrado-FEI\97_master\_dataset\US8K_AV\fold5\273135-10-0-12.wav
271,5,fold5,silence,273135-13.wav,C:\Andre_Florentino\03_particular\04_mestrado-FEI\97_master\_dataset\US8K_AV\fold5\273135-10-0-13.wav
272,5,fold5,silence,273135-14.wav,C:\Andre_Florentino\03_particular\04_mestrado-FEI\97_master\_dataset\US8K_AV\fold5\273135-10-0-14.wav
273,5,fold5,silence,273135-15.wav,C:\Andre_Florentino\03_particular\04_mestrado-FEI\97_master\_dataset\US8K_AV\fold5\273135-10-0-15.wav
274,5,fold5,silence,273135-16.wav,C:\Andre_Florentino\03_particular\04_mestrado-FEI\97_master\_dataset\US8K_AV\fold5\273135-10-0-16.wav
275,5,fold5,silence,273135-17.wav,C:\Andre_Florentino\03_particular\04_mestrado-FEI\97_master\_dataset\US8K_AV\fold5\273135-10-0-17.wav
276,5,fold5,silence,273135-18.wav,C:\Andre_Florentino\03_particular\04_mestrado-FEI\97_master\_dataset\US8K_AV\fold5\273135-10-0-18.wav
277,5,fold5,silence,273135-19.wav,C:\Andre_Florentino\03_particular\04_mestrado-FEI\97_master\_dataset\US8K_AV\fold5\273135-10-0-19.wav
278,5,fold5,silence,273135-2.wav,C:\Andre_Florentino\03_particular\04_mestrado-FEI\97_master\_dataset\US8K_AV\fold5\273135-10-0-2.wav
279,5,fold5,silence,273135-20.wav,C:\Andre_Florentino\03_particular\04_mestrado-FEI\97_master\_dataset\US8K_AV\fold5\273135-10-0-20.wav
280,5,fold5,silence,273135-3.wav,C:\Andre_Florentino\03_particular\04_mestrado-FEI\97_master\_dataset\US8K_AV\fold5\273135-10-0-3.wav
281,5,fold5,silence,273135-4.wav,C:\Andre_Florentino\03_particular\04_mestrado-FEI\97_master\_dataset\US8K_AV\fold5\273135-10-0-4.wav
282,5,fold5,silence,273135-5.wav,C:\Andre_Florentino\03_particular\04_mestrado-FEI\97_master\_dataset\US8K_AV\fold5\273135-10-0-5.wav
283,5,fold5,silence,273135-6.wav,C:\Andre_Florentino\03_particular\04_mestrado-FEI\97_master\_dataset\US8K_AV\fold5\273135-10-0-6.wav
284,5,fold5,silence,273135-7.wav,C:\Andre_Florentino\03_particular\04_mestrado-FEI\97_master\_dataset\US8K_AV\fold5\273135-10-0-7.wav
285,5,fold5,silence,273135-8.wav,C:\Andre_Florentino\03_particular\04_mestrado-FEI\97_master\_dataset\US8K_AV\fold5\273135-10-0-8.wav
286,5,fold5,silence,273135-9.wav,C:\Andre_Florentino\03_particular\04_mestrado-FEI\97_master\_dataset\US8K_AV\fold5\273135-10-0-9.wav
287,5,fold5,silence,277326-1.wav,C:\Andre_Florentino\03_particular\04_mestrado-FEI\97_master\_dataset\US8K_AV\fold5\277326-10-0-1.wav
288,5,fold5,silence,278940-1.wav,C:\Andre_Florentino\03_particular\04_mestrado-FEI\97_master\_dataset\US8K_AV\fold5\278940-10-0-1.wav
289,5,fold5,silence,278940-10.wav,C:\Andre_Florentino\03_particular\04_mestrado-FEI\97_master\_dataset\US8K_AV\fold5\278940-10-0-10.wav
290,5,fold5,silence,278940-11.wav,C:\Andre_Florentino\03_particular\04_mestrado-FEI\97_master\_dataset\US8K_AV\fold5\278940-10-0-11.wav
291,5,fold5,silence,278940-12.wav,C:\Andre_Florentino\03_particular\04_mestrado-FEI\97_master\_dataset\US8K_AV\fold5\278940-10-0-12.wav
292,5,fold5,silence,278940-13.wav,C:\Andre_Florentino\03_particular\04_mestrado-FEI\97_master\_dataset\US8K_AV\fold5\278940-10-0-13.wav
293,5,fold5,silence,278940-14.wav,C:\Andre_Florentino\03_particular\04_mestrado-FEI\97_master\_dataset\US8K_AV\fold5\278940-10-0-14.wav
294,5,fold5,silence,278940-15.wav,C:\Andre_Florentino\03_particular\04_mestrado-FEI\97_master\_dataset\US8K_AV\fold5\278940-10-0-15.wav
295,5,fold5,silence,278940-16.wav,C:\Andre_Florentino\03_particular\04_mestrado-FEI\97_master\_dataset\US8K_AV\fold5\278940-10-0-16.wav
296,5,fold5,silence,278940-17.wav,C:\Andre_Florentino\03_particular\04_mestrado-FEI\97_master\_dataset\US8K_AV\fold5\278940-10-0-17.wav
297,5,fold5,silence,278940-18.wav,C:\Andre_Florentino\03_particular\04_mestrado-FEI\97_master\_dataset\US8K_AV\fold5\278940-10-0-18.wav
298,5,fold5,silence,278940-19.wav,C:\Andre_Florentino\03_particular\04_mestrado-FEI\97_master\_dataset\US8K_AV\fold5\278940-10-0-19.wav
299,5,fold5,silence,278940-2.wav,C:\Andre_Florentino\03_particular\04_mestrado-FEI\97_master\_dataset\US8K_AV\fold5\278940-10-0-2.wav
300,5,fold5,silence,278940-20.wav,C:\Andre_Florentino\03_particular\04_mestrado-FEI\97_master\_dataset\US8K_AV\fold5\278940-10-0-20.wav
301,5,fold5,silence,278940-3.wav,C:\Andre_Florentino\03_particular\04_mestrado-FEI\97_master\_dataset\US8K_AV\fold5\278940-10-0-3.wav
302,5,fold5,silence,278940-4.wav,C:\Andre_Florentino\03_particular\04_mestrado-FEI\97_master\_dataset\US8K_AV\fold5\278940-10-0-4.wav
303,5,fold5,silence,278940-5.wav,C:\Andre_Florentino\03_particular\04_mestrado-FEI\97_master\_dataset\US8K_AV\fold5\278940-10-0-5.wav
304,5,fold5,silence,278940-6.wav,C:\Andre_Florentino\03_particular\04_mestrado-FEI\97_master\_dataset\US8K_AV\fold5\278940-10-0-6.wav
305,5,fold5,silence,278940-7.wav,C:\Andre_Florentino\03_particular\04_mestrado-FEI\97_master\_dataset\US8K_AV\fold5\278940-10-0-7.wav
306,5,fold5,silence,278940-8.wav,C:\Andre_Florentino\03_particular\04_mestrado-FEI\97_master\_dataset\US8K_AV\fold5\278940-10-0-8.wav
307,5,fold5,silence,278940-9.wav,C:\Andre_Florentino\03_particular\04_mestrado-FEI\97_master\_dataset\US8K_AV\fold5\278940-10-0-9.wav
308,5,fold5,silence,320807-1.wav,C:\Andre_Florentino\03_particular\04_mestrado-FEI\97_master\_dataset\US8K_AV\fold5\320807-10-0-1.wav
309,5,fold5,silence,320807-10.wav,C:\Andre_Florentino\03_particular\04_mestrado-FEI\97_master\_dataset\US8K_AV\fold5\320807-10-0-10.wav
310,5,fold5,silence,320807-11.wav,C:\Andre_Florentino\03_particular\04_mestrado-FEI\97_master\_dataset\US8K_AV\fold5\320807-10-0-11.wav
311,5,fold5,silence,320807-12.wav,C:\Andre_Florentino\03_particular\04_mestrado-FEI\97_master\_dataset\US8K_AV\fold5\320807-10-0-12.wav
312,5,fold5,silence,320807-13.wav,C:\Andre_Florentino\03_particular\04_mestrado-FEI\97_master\_dataset\US8K_AV\fold5\320807-10-0-13.wav
313,5,fold5,silence,320807-14.wav,C:\Andre_Florentino\03_particular\04_mestrado-FEI\97_master\_dataset\US8K_AV\fold5\320807-10-0-14.wav
314,5,fold5,silence,320807-15.wav,C:\Andre_Florentino\03_particular\04_mestrado-FEI\97_master\_dataset\US8K_AV\fold5\320807-10-0-15.wav
315,5,fold5,silence,320807-16.wav,C:\Andre_Florentino\03_particular\04_mestrado-FEI\97_master\_dataset\US8K_AV\fold5\320807-10-0-16.wav
316,5,fold5,silence,320807-17.wav,C:\Andre_Florentino\03_particular\04_mestrado-FEI\97_master\_dataset\US8K_AV\fold5\320807-10-0-17.wav
317,5,fold5,silence,320807-18.wav,C:\Andre_Florentino\03_particular\04_mestrado-FEI\97_master\_dataset\US8K_AV\fold5\320807-10-0-18.wav
318,5,fold5,silence,320807-19.wav,C:\Andre_Florentino\03_particular\04_mestrado-FEI\97_master\_dataset\US8K_AV\fold5\320807-10-0-19.wav
319,5,fold5,silence,320807-2.wav,C:\Andre_Florentino\03_particular\04_mestrado-FEI\97_master\_dataset\US8K_AV\fold5\320807-10-0-2.wav
320,5,fold5,silence,320807-20.wav,C:\Andre_Florentino\03_particular\04_mestrado-FEI\97_master\_dataset\US8K_AV\fold5\320807-10-0-20.wav
321,5,fold5,silence,320807-3.wav,C:\Andre_Florentino\03_particular\04_mestrado-FEI\97_master\_dataset\US8K_AV\fold5\320807-10-0-3.wav
322,5,fold5,silence,320807-4.wav,C:\Andre_Florentino\03_particular\04_mestrado-FEI\97_master\_dataset\US8K_AV\fold5\320807-10-0-4.wav
323,5,fold5,silence,320807-5.wav,C:\Andre_Florentino\03_particular\04_mestrado-FEI\97_master\_dataset\US8K_AV\fold5\320807-10-0-5.wav
324,5,fold5,silence,320807-6.wav,C:\Andre_Florentino\03_particular\04_mestrado-FEI\97_master\_dataset\US8K_AV\fold5\320807-10-0-6.wav
325,5,fold5,silence,320807-7.wav,C:\Andre_Florentino\03_particular\04_mestrado-FEI\97_master\_dataset\US8K_AV\fold5\320807-10-0-7.wav
326,5,fold5,silence,320807-8.wav,C:\Andre_Florentino\03_particular\04_mestrado-FEI\97_master\_dataset\US8K_AV\fold5\320807-10-0-8.wav
327,5,fold5,silence,320807-9.wav,C:\Andre_Florentino\03_particular\04_mestrado-FEI\97_master\_dataset\US8K_AV\fold5\320807-10-0-9.wav
328,6,fold6,silence,329550-1.wav,C:\Andre_Florentino\03_particular\04_mestrado-FEI\97_master\_dataset\US8K_AV\fold6\329550-10-0-1.wav
329,6,fold6,silence,329550-10.wav,C:\Andre_Florentino\03_particular\04_mestrado-FEI\97_master\_dataset\US8K_AV\fold6\329550-10-0-10.wav
330,6,fold6,silence,329550-11.wav,C:\Andre_Florentino\03_particular\04_mestrado-FEI\97_master\_dataset\US8K_AV\fold6\329550-10-0-11.wav
331,6,fold6,silence,329550-12.wav,C:\Andre_Florentino\03_particular\04_mestrado-FEI\97_master\_dataset\US8K_AV\fold6\329550-10-0-12.wav
332,6,fold6,silence,329550-13.wav,C:\Andre_Florentino\03_particular\04_mestrado-FEI\97_master\_dataset\US8K_AV\fold6\329550-10-0-13.wav
333,6,fold6,silence,329550-14.wav,C:\Andre_Florentino\03_particular\04_mestrado-FEI\97_master\_dataset\US8K_AV\fold6\329550-10-0-14.wav
334,6,fold6,silence,329550-15.wav,C:\Andre_Florentino\03_particular\04_mestrado-FEI\97_master\_dataset\US8K_AV\fold6\329550-10-0-15.wav
335,6,fold6,silence,329550-16.wav,C:\Andre_Florentino\03_particular\04_mestrado-FEI\97_master\_dataset\US8K_AV\fold6\329550-10-0-16.wav
336,6,fold6,silence,329550-17.wav,C:\Andre_Florentino\03_particular\04_mestrado-FEI\97_master\_dataset\US8K_AV\fold6\329550-10-0-17.wav
337,6,fold6,silence,329550-18.wav,C:\Andre_Florentino\03_particular\04_mestrado-FEI\97_master\_dataset\US8K_AV\fold6\329550-10-0-18.wav
338,6,fold6,silence,329550-19.wav,C:\Andre_Florentino\03_particular\04_mestrado-FEI\97_master\_dataset\US8K_AV\fold6\329550-10-0-19.wav
339,6,fold6,silence,329550-2.wav,C:\Andre_Florentino\03_particular\04_mestrado-FEI\97_master\_dataset\US8K_AV\fold6\329550-10-0-2.wav
340,6,fold6,silence,329550-20.wav,C:\Andre_Florentino\03_particular\04_mestrado-FEI\97_master\_dataset\US8K_AV\fold6\329550-10-0-20.wav
341,6,fold6,silence,329550-3.wav,C:\Andre_Florentino\03_particular\04_mestrado-FEI\97_master\_dataset\US8K_AV\fold6\329550-10-0-3.wav
342,6,fold6,silence,329550-4.wav,C:\Andre_Florentino\03_particular\04_mestrado-FEI\97_master\_dataset\US8K_AV\fold6\329550-10-0-4.wav
343,6,fold6,silence,329550-5.wav,C:\Andre_Florentino\03_particular\04_mestrado-FEI\97_master\_dataset\US8K_AV\fold6\329550-10-0-5.wav
344,6,fold6,silence,329550-6.wav,C:\Andre_Florentino\03_particular\04_mestrado-FEI\97_master\_dataset\US8K_AV\fold6\329550-10-0-6.wav
345,6,fold6,silence,329550-7.wav,C:\Andre_Florentino\03_particular\04_mestrado-FEI\97_master\_dataset\US8K_AV\fold6\329550-10-0-7.wav
346,6,fold6,silence,329550-8.wav,C:\Andre_Florentino\03_particular\04_mestrado-FEI\97_master\_dataset\US8K_AV\fold6\329550-10-0-8.wav
347,6,fold6,silence,329550-9.wav,C:\Andre_Florentino\03_particular\04_mestrado-FEI\97_master\_dataset\US8K_AV\fold6\329550-10-0-9.wav
348,6,fold6,silence,333960-1.wav,C:\Andre_Florentino\03_particular\04_mestrado-FEI\97_master\_dataset\US8K_AV\fold6\333960-10-0-1.wav
349,6,fold6,silence,333960-10.wav,C:\Andre_Florentino\03_particular\04_mestrado-FEI\97_master\_dataset\US8K_AV\fold6\333960-10-0-10.wav
350,6,fold6,silence,333960-11.wav,C:\Andre_Florentino\03_particular\04_mestrado-FEI\97_master\_dataset\US8K_AV\fold6\333960-10-0-11.wav
351,6,fold6,silence,333960-12.wav,C:\Andre_Florentino\03_particular\04_mestrado-FEI\97_master\_dataset\US8K_AV\fold6\333960-10-0-12.wav
352,6,fold6,silence,333960-13.wav,C:\Andre_Florentino\03_particular\04_mestrado-FEI\97_master\_dataset\US8K_AV\fold6\333960-10-0-13.wav
353,6,fold6,silence,333960-14.wav,C:\Andre_Florentino\03_particular\04_mestrado-FEI\97_master\_dataset\US8K_AV\fold6\333960-10-0-14.wav
354,6,fold6,silence,333960-15.wav,C:\Andre_Florentino\03_particular\04_mestrado-FEI\97_master\_dataset\US8K_AV\fold6\333960-10-0-15.wav
355,6,fold6,silence,333960-16.wav,C:\Andre_Florentino\03_particular\04_mestrado-FEI\97_master\_dataset\US8K_AV\fold6\333960-10-0-16.wav
356,6,fold6,silence,333960-17.wav,C:\Andre_Florentino\03_particular\04_mestrado-FEI\97_master\_dataset\US8K_AV\fold6\333960-10-0-17.wav
357,6,fold6,silence,333960-18.wav,C:\Andre_Florentino\03_particular\04_mestrado-FEI\97_master\_dataset\US8K_AV\fold6\333960-10-0-18.wav
358,6,fold6,silence,333960-19.wav,C:\Andre_Florentino\03_particular\04_mestrado-FEI\97_master\_dataset\US8K_AV\fold6\333960-10-0-19.wav
359,6,fold6,silence,333960-2.wav,C:\Andre_Florentino\03_particular\04_mestrado-FEI\97_master\_dataset\US8K_AV\fold6\333960-10-0-2.wav
360,6,fold6,silence,333960-20.wav,C:\Andre_Florentino\03_particular\04_mestrado-FEI\97_master\_dataset\US8K_AV\fold6\333960-10-0-20.wav
361,6,fold6,silence,333960-3.wav,C:\Andre_Florentino\03_particular\04_mestrado-FEI\97_master\_dataset\US8K_AV\fold6\333960-10-0-3.wav
362,6,fold6,silence,333960-4.wav,C:\Andre_Florentino\03_particular\04_mestrado-FEI\97_master\_dataset\US8K_AV\fold6\333960-10-0-4.wav
363,6,fold6,silence,333960-5.wav,C:\Andre_Florentino\03_particular\04_mestrado-FEI\97_master\_dataset\US8K_AV\fold6\333960-10-0-5.wav
364,6,fold6,silence,333960-6.wav,C:\Andre_Florentino\03_particular\04_mestrado-FEI\97_master\_dataset\US8K_AV\fold6\333960-10-0-6.wav
365,6,fold6,silence,333960-7.wav,C:\Andre_Florentino\03_particular\04_mestrado-FEI\97_master\_dataset\US8K_AV\fold6\333960-10-0-7.wav
366,6,fold6,silence,333960-8.wav,C:\Andre_Florentino\03_particular\04_mestrado-FEI\97_master\_dataset\US8K_AV\fold6\333960-10-0-8.wav
367,6,fold6,silence,333960-9.wav,C:\Andre_Florentino\03_particular\04_mestrado-FEI\97_master\_dataset\US8K_AV\fold6\333960-10-0-9.wav
368,6,fold6,silence,352510-1.wav,C:\Andre_Florentino\03_particular\04_mestrado-FEI\97_master\_dataset\US8K_AV\fold6\352510-10-0-1.wav
369,6,fold6,silence,352510-10.wav,C:\Andre_Florentino\03_particular\04_mestrado-FEI\97_master\_dataset\US8K_AV\fold6\352510-10-0-10.wav
370,6,fold6,silence,352510-11.wav,C:\Andre_Florentino\03_particular\04_mestrado-FEI\97_master\_dataset\US8K_AV\fold6\352510-10-0-11.wav
371,6,fold6,silence,352510-12.wav,C:\Andre_Florentino\03_particular\04_mestrado-FEI\97_master\_dataset\US8K_AV\fold6\352510-10-0-12.wav
372,6,fold6,silence,352510-13.wav,C:\Andre_Florentino\03_particular\04_mestrado-FEI\97_master\_dataset\US8K_AV\fold6\352510-10-0-13.wav
373,6,fold6,silence,352510-14.wav,C:\Andre_Florentino\03_particular\04_mestrado-FEI\97_master\_dataset\US8K_AV\fold6\352510-10-0-14.wav
374,6,fold6,silence,352510-15.wav,C:\Andre_Florentino\03_particular\04_mestrado-FEI\97_master\_dataset\US8K_AV\fold6\352510-10-0-15.wav
375,6,fold6,silence,352510-16.wav,C:\Andre_Florentino\03_particular\04_mestrado-FEI\97_master\_dataset\US8K_AV\fold6\352510-10-0-16.wav
376,6,fold6,silence,352510-17.wav,C:\Andre_Florentino\03_particular\04_mestrado-FEI\97_master\_dataset\US8K_AV\fold6\352510-10-0-17.wav
377,6,fold6,silence,352510-18.wav,C:\Andre_Florentino\03_particular\04_mestrado-FEI\97_master\_dataset\US8K_AV\fold6\352510-10-0-18.wav
378,6,fold6,silence,352510-19.wav,C:\Andre_Florentino\03_particular\04_mestrado-FEI\97_master\_dataset\US8K_AV\fold6\352510-10-0-19.wav
379,6,fold6,silence,352510-2.wav,C:\Andre_Florentino\03_particular\04_mestrado-FEI\97_master\_dataset\US8K_AV\fold6\352510-10-0-2.wav
380,6,fold6,silence,352510-20.wav,C:\Andre_Florentino\03_particular\04_mestrado-FEI\97_master\_dataset\US8K_AV\fold6\352510-10-0-20.wav
381,6,fold6,silence,352510-3.wav,C:\Andre_Florentino\03_particular\04_mestrado-FEI\97_master\_dataset\US8K_AV\fold6\352510-10-0-3.wav
382,6,fold6,silence,352510-4.wav,C:\Andre_Florentino\03_particular\04_mestrado-FEI\97_master\_dataset\US8K_AV\fold6\352510-10-0-4.wav
383,6,fold6,silence,352510-5.wav,C:\Andre_Florentino\03_particular\04_mestrado-FEI\97_master\_dataset\US8K_AV\fold6\352510-10-0-5.wav
384,6,fold6,silence,352510-6.wav,C:\Andre_Florentino\03_particular\04_mestrado-FEI\97_master\_dataset\US8K_AV\fold6\352510-10-0-6.wav
385,6,fold6,silence,352510-7.wav,C:\Andre_Florentino\03_particular\04_mestrado-FEI\97_master\_dataset\US8K_AV\fold6\352510-10-0-7.wav
386,6,fold6,silence,352510-8.wav,C:\Andre_Florentino\03_particular\04_mestrado-FEI\97_master\_dataset\US8K_AV\fold6\352510-10-0-8.wav
387,6,fold6,silence,352510-9.wav,C:\Andre_Florentino\03_particular\04_mestrado-FEI\97_master\_dataset\US8K_AV\fold6\352510-10-0-9.wav
388,7,fold7,silence,443044-1.wav,C:\Andre_Florentino\03_particular\04_mestrado-FEI\97_master\_dataset\US8K_AV\fold7\443044-10-0-1.wav
389,7,fold7,silence,443044-10.wav,C:\Andre_Florentino\03_particular\04_mestrado-FEI\97_master\_dataset\US8K_AV\fold7\443044-10-0-10.wav
390,7,fold7,silence,443044-11.wav,C:\Andre_Florentino\03_particular\04_mestrado-FEI\97_master\_dataset\US8K_AV\fold7\443044-10-0-11.wav
391,7,fold7,silence,443044-12.wav,C:\Andre_Florentino\03_particular\04_mestrado-FEI\97_master\_dataset\US8K_AV\fold7\443044-10-0-12.wav
392,7,fold7,silence,443044-13.wav,C:\Andre_Florentino\03_particular\04_mestrado-FEI\97_master\_dataset\US8K_AV\fold7\443044-10-0-13.wav
393,7,fold7,silence,443044-14.wav,C:\Andre_Florentino\03_particular\04_mestrado-FEI\97_master\_dataset\US8K_AV\fold7\443044-10-0-14.wav
394,7,fold7,silence,443044-15.wav,C:\Andre_Florentino\03_particular\04_mestrado-FEI\97_master\_dataset\US8K_AV\fold7\443044-10-0-15.wav
395,7,fold7,silence,443044-16.wav,C:\Andre_Florentino\03_particular\04_mestrado-FEI\97_master\_dataset\US8K_AV\fold7\443044-10-0-16.wav
396,7,fold7,silence,443044-17.wav,C:\Andre_Florentino\03_particular\04_mestrado-FEI\97_master\_dataset\US8K_AV\fold7\443044-10-0-17.wav
397,7,fold7,silence,443044-18.wav,C:\Andre_Florentino\03_particular\04_mestrado-FEI\97_master\_dataset\US8K_AV\fold7\443044-10-0-18.wav
398,7,fold7,silence,443044-19.wav,C:\Andre_Florentino\03_particular\04_mestrado-FEI\97_master\_dataset\US8K_AV\fold7\443044-10-0-19.wav
399,7,fold7,silence,443044-2.wav,C:\Andre_Florentino\03_particular\04_mestrado-FEI\97_master\_dataset\US8K_AV\fold7\443044-10-0-2.wav
400,7,fold7,silence,443044-20.wav,C:\Andre_Florentino\03_particular\04_mestrado-FEI\97_master\_dataset\US8K_AV\fold7\443044-10-0-20.wav
401,7,fold7,silence,443044-3.wav,C:\Andre_Florentino\03_particular\04_mestrado-FEI\97_master\_dataset\US8K_AV\fold7\443044-10-0-3.wav
402,7,fold7,silence,443044-4.wav,C:\Andre_Florentino\03_particular\04_mestrado-FEI\97_master\_dataset\US8K_AV\fold7\443044-10-0-4.wav
403,7,fold7,silence,443044-5.wav,C:\Andre_Florentino\03_particular\04_mestrado-FEI\97_master\_dataset\US8K_AV\fold7\443044-10-0-5.wav
404,7,fold7,silence,443044-6.wav,C:\Andre_Florentino\03_particular\04_mestrado-FEI\97_master\_dataset\US8K_AV\fold7\443044-10-0-6.wav
405,7,fold7,silence,443044-7.wav,C:\Andre_Florentino\03_particular\04_mestrado-FEI\97_master\_dataset\US8K_AV\fold7\443044-10-0-7.wav
406,7,fold7,silence,443044-8.wav,C:\Andre_Florentino\03_particular\04_mestrado-FEI\97_master\_dataset\US8K_AV\fold7\443044-10-0-8.wav
407,7,fold7,silence,443044-9.wav,C:\Andre_Florentino\03_particular\04_mestrado-FEI\97_master\_dataset\US8K_AV\fold7\443044-10-0-9.wav
408,7,fold7,silence,445762-1.wav,C:\Andre_Florentino\03_particular\04_mestrado-FEI\97_master\_dataset\US8K_AV\fold7\445762-10-0-1.wav
409,7,fold7,silence,445762-10.wav,C:\Andre_Florentino\03_particular\04_mestrado-FEI\97_master\_dataset\US8K_AV\fold7\445762-10-0-10.wav
410,7,fold7,silence,445762-11.wav,C:\Andre_Florentino\03_particular\04_mestrado-FEI\97_master\_dataset\US8K_AV\fold7\445762-10-0-11.wav
411,7,fold7,silence,445762-12.wav,C:\Andre_Florentino\03_particular\04_mestrado-FEI\97_master\_dataset\US8K_AV\fold7\445762-10-0-12.wav
412,7,fold7,silence,445762-13.wav,C:\Andre_Florentino\03_particular\04_mestrado-FEI\97_master\_dataset\US8K_AV\fold7\445762-10-0-13.wav
413,7,fold7,silence,445762-2.wav,C:\Andre_Florentino\03_particular\04_mestrado-FEI\97_master\_dataset\US8K_AV\fold7\445762-10-0-2.wav
414,7,fold7,silence,445762-3.wav,C:\Andre_Florentino\03_particular\04_mestrado-FEI\97_master\_dataset\US8K_AV\fold7\445762-10-0-3.wav
415,7,fold7,silence,445762-4.wav,C:\Andre_Florentino\03_particular\04_mestrado-FEI\97_master\_dataset\US8K_AV\fold7\445762-10-0-4.wav
416,7,fold7,silence,445762-5.wav,C:\Andre_Florentino\03_particular\04_mestrado-FEI\97_master\_dataset\US8K_AV\fold7\445762-10-0-5.wav
417,7,fold7,silence,445762-6.wav,C:\Andre_Florentino\03_particular\04_mestrado-FEI\97_master\_dataset\US8K_AV\fold7\445762-10-0-6.wav
418,7,fold7,silence,445762-7.wav,C:\Andre_Florentino\03_particular\04_mestrado-FEI\97_master\_dataset\US8K_AV\fold7\445762-10-0-7.wav
419,7,fold7,silence,445762-8.wav,C:\Andre_Florentino\03_particular\04_mestrado-FEI\97_master\_dataset\US8K_AV\fold7\445762-10-0-8.wav
420,7,fold7,silence,445762-9.wav,C:\Andre_Florentino\03_particular\04_mestrado-FEI\97_master\_dataset\US8K_AV\fold7\445762-10-0-9.wav
421,7,fold7,silence,465062-1.wav,C:\Andre_Florentino\03_particular\04_mestrado-FEI\97_master\_dataset\US8K_AV\fold7\465062-10-0-1.wav
422,7,fold7,silence,465062-10.wav,C:\Andre_Florentino\03_particular\04_mestrado-FEI\97_master\_dataset\US8K_AV\fold7\465062-10-0-10.wav
423,7,fold7,silence,465062-11.wav,C:\Andre_Florentino\03_particular\04_mestrado-FEI\97_master\_dataset\US8K_AV\fold7\465062-10-0-11.wav
424,7,fold7,silence,465062-12.wav,C:\Andre_Florentino\03_particular\04_mestrado-FEI\97_master\_dataset\US8K_AV\fold7\465062-10-0-12.wav
425,7,fold7,silence,465062-13.wav,C:\Andre_Florentino\03_particular\04_mestrado-FEI\97_master\_dataset\US8K_AV\fold7\465062-10-0-13.wav
426,7,fold7,silence,465062-14.wav,C:\Andre_Florentino\03_particular\04_mestrado-FEI\97_master\_dataset\US8K_AV\fold7\465062-10-0-14.wav
427,7,fold7,silence,465062-15.wav,C:\Andre_Florentino\03_particular\04_mestrado-FEI\97_master\_dataset\US8K_AV\fold7\465062-10-0-15.wav
428,7,fold7,silence,465062-16.wav,C:\Andre_Florentino\03_particular\04_mestrado-FEI\97_master\_dataset\US8K_AV\fold7\465062-10-0-16.wav
429,7,fold7,silence,465062-17.wav,C:\Andre_Florentino\03_particular\04_mestrado-FEI\97_master\_dataset\US8K_AV\fold7\465062-10-0-17.wav
430,7,fold7,silence,465062-18.wav,C:\Andre_Florentino\03_particular\04_mestrado-FEI\97_master\_dataset\US8K_AV\fold7\465062-10-0-18.wav
431,7,fold7,silence,465062-19.wav,C:\Andre_Florentino\03_particular\04_mestrado-FEI\97_master\_dataset\US8K_AV\fold7\465062-10-0-19.wav
432,7,fold7,silence,465062-2.wav,C:\Andre_Florentino\03_particular\04_mestrado-FEI\97_master\_dataset\US8K_AV\fold7\465062-10-0-2.wav
433,7,fold7,silence,465062-20.wav,C:\Andre_Florentino\03_particular\04_mestrado-FEI\97_master\_dataset\US8K_AV\fold7\465062-10-0-20.wav
434,7,fold7,silence,465062-3.wav,C:\Andre_Florentino\03_particular\04_mestrado-FEI\97_master\_dataset\US8K_AV\fold7\465062-10-0-3.wav
435,7,fold7,silence,465062-4.wav,C:\Andre_Florentino\03_particular\04_mestrado-FEI\97_master\_dataset\US8K_AV\fold7\465062-10-0-4.wav
436,7,fold7,silence,465062-5.wav,C:\Andre_Florentino\03_particular\04_mestrado-FEI\97_master\_dataset\US8K_AV\fold7\465062-10-0-5.wav
437,7,fold7,silence,465062-6.wav,C:\Andre_Florentino\03_particular\04_mestrado-FEI\97_master\_dataset\US8K_AV\fold7\465062-10-0-6.wav
438,7,fold7,silence,465062-7.wav,C:\Andre_Florentino\03_particular\04_mestrado-FEI\97_master\_dataset\US8K_AV\fold7\465062-10-0-7.wav
439,7,fold7,silence,465062-8.wav,C:\Andre_Florentino\03_particular\04_mestrado-FEI\97_master\_dataset\US8K_AV\fold7\465062-10-0-8.wav
440,7,fold7,silence,465062-9.wav,C:\Andre_Florentino\03_particular\04_mestrado-FEI\97_master\_dataset\US8K_AV\fold7\465062-10-0-9.wav
441,7,fold7,silence,708192-1.wav,C:\Andre_Florentino\03_particular\04_mestrado-FEI\97_master\_dataset\US8K_AV\fold7\708192-10-0-1.wav
442,7,fold7,silence,708192-2.wav,C:\Andre_Florentino\03_particular\04_mestrado-FEI\97_master\_dataset\US8K_AV\fold7\708192-10-0-2.wav
443,7,fold7,silence,708192-3.wav,C:\Andre_Florentino\03_particular\04_mestrado-FEI\97_master\_dataset\US8K_AV\fold7\708192-10-0-3.wav
444,7,fold7,silence,708192-4.wav,C:\Andre_Florentino\03_particular\04_mestrado-FEI\97_master\_dataset\US8K_AV\fold7\708192-10-0-4.wav
445,7,fold7,silence,708192-5.wav,C:\Andre_Florentino\03_particular\04_mestrado-FEI\97_master\_dataset\US8K_AV\fold7\708192-10-0-5.wav
446,7,fold7,silence,708192-6.wav,C:\Andre_Florentino\03_particular\04_mestrado-FEI\97_master\_dataset\US8K_AV\fold7\708192-10-0-6.wav
447,7,fold7,silence,708192-7.wav,C:\Andre_Florentino\03_particular\04_mestrado-FEI\97_master\_dataset\US8K_AV\fold7\708192-10-0-7.wav
448,8,fold8,silence,476294-1.wav,C:\Andre_Florentino\03_particular\04_mestrado-FEI\97_master\_dataset\US8K_AV\fold8\476294-10-0-1.wav
449,8,fold8,silence,476294-10.wav,C:\Andre_Florentino\03_particular\04_mestrado-FEI\97_master\_dataset\US8K_AV\fold8\476294-10-0-10.wav
450,8,fold8,silence,476294-11.wav,C:\Andre_Florentino\03_particular\04_mestrado-FEI\97_master\_dataset\US8K_AV\fold8\476294-10-0-11.wav
451,8,fold8,silence,476294-12.wav,C:\Andre_Florentino\03_particular\04_mestrado-FEI\97_master\_dataset\US8K_AV\fold8\476294-10-0-12.wav
452,8,fold8,silence,476294-13.wav,C:\Andre_Florentino\03_particular\04_mestrado-FEI\97_master\_dataset\US8K_AV\fold8\476294-10-0-13.wav
453,8,fold8,silence,476294-14.wav,C:\Andre_Florentino\03_particular\04_mestrado-FEI\97_master\_dataset\US8K_AV\fold8\476294-10-0-14.wav
454,8,fold8,silence,476294-15.wav,C:\Andre_Florentino\03_particular\04_mestrado-FEI\97_master\_dataset\US8K_AV\fold8\476294-10-0-15.wav
455,8,fold8,silence,476294-16.wav,C:\Andre_Florentino\03_particular\04_mestrado-FEI\97_master\_dataset\US8K_AV\fold8\476294-10-0-16.wav
456,8,fold8,silence,476294-17.wav,C:\Andre_Florentino\03_particular\04_mestrado-FEI\97_master\_dataset\US8K_AV\fold8\476294-10-0-17.wav
457,8,fold8,silence,476294-18.wav,C:\Andre_Florentino\03_particular\04_mestrado-FEI\97_master\_dataset\US8K_AV\fold8\476294-10-0-18.wav
458,8,fold8,silence,476294-19.wav,C:\Andre_Florentino\03_particular\04_mestrado-FEI\97_master\_dataset\US8K_AV\fold8\476294-10-0-19.wav
459,8,fold8,silence,476294-2.wav,C:\Andre_Florentino\03_particular\04_mestrado-FEI\97_master\_dataset\US8K_AV\fold8\476294-10-0-2.wav
460,8,fold8,silence,476294-20.wav,C:\Andre_Florentino\03_particular\04_mestrado-FEI\97_master\_dataset\US8K_AV\fold8\476294-10-0-20.wav
461,8,fold8,silence,476294-3.wav,C:\Andre_Florentino\03_particular\04_mestrado-FEI\97_master\_dataset\US8K_AV\fold8\476294-10-0-3.wav
462,8,fold8,silence,476294-4.wav,C:\Andre_Florentino\03_particular\04_mestrado-FEI\97_master\_dataset\US8K_AV\fold8\476294-10-0-4.wav
463,8,fold8,silence,476294-5.wav,C:\Andre_Florentino\03_particular\04_mestrado-FEI\97_master\_dataset\US8K_AV\fold8\476294-10-0-5.wav
464,8,fold8,silence,476294-6.wav,C:\Andre_Florentino\03_particular\04_mestrado-FEI\97_master\_dataset\US8K_AV\fold8\476294-10-0-6.wav
465,8,fold8,silence,476294-7.wav,C:\Andre_Florentino\03_particular\04_mestrado-FEI\97_master\_dataset\US8K_AV\fold8\476294-10-0-7.wav
466,8,fold8,silence,476294-8.wav,C:\Andre_Florentino\03_particular\04_mestrado-FEI\97_master\_dataset\US8K_AV\fold8\476294-10-0-8.wav
467,8,fold8,silence,476294-9.wav,C:\Andre_Florentino\03_particular\04_mestrado-FEI\97_master\_dataset\US8K_AV\fold8\476294-10-0-9.wav
468,8,fold8,silence,506954-1.wav,C:\Andre_Florentino\03_particular\04_mestrado-FEI\97_master\_dataset\US8K_AV\fold8\506954-10-0-1.wav
469,8,fold8,silence,506954-10.wav,C:\Andre_Florentino\03_particular\04_mestrado-FEI\97_master\_dataset\US8K_AV\fold8\506954-10-0-10.wav
470,8,fold8,silence,506954-11.wav,C:\Andre_Florentino\03_particular\04_mestrado-FEI\97_master\_dataset\US8K_AV\fold8\506954-10-0-11.wav
471,8,fold8,silence,506954-2.wav,C:\Andre_Florentino\03_particular\04_mestrado-FEI\97_master\_dataset\US8K_AV\fold8\506954-10-0-2.wav
472,8,fold8,silence,506954-3.wav,C:\Andre_Florentino\03_particular\04_mestrado-FEI\97_master\_dataset\US8K_AV\fold8\506954-10-0-3.wav
473,8,fold8,silence,506954-4.wav,C:\Andre_Florentino\03_particular\04_mestrado-FEI\97_master\_dataset\US8K_AV\fold8\506954-10-0-4.wav
474,8,fold8,silence,506954-5.wav,C:\Andre_Florentino\03_particular\04_mestrado-FEI\97_master\_dataset\US8K_AV\fold8\506954-10-0-5.wav
475,8,fold8,silence,506954-6.wav,C:\Andre_Florentino\03_particular\04_mestrado-FEI\97_master\_dataset\US8K_AV\fold8\506954-10-0-6.wav
476,8,fold8,silence,506954-7.wav,C:\Andre_Florentino\03_particular\04_mestrado-FEI\97_master\_dataset\US8K_AV\fold8\506954-10-0-7.wav
477,8,fold8,silence,506954-8.wav,C:\Andre_Florentino\03_particular\04_mestrado-FEI\97_master\_dataset\US8K_AV\fold8\506954-10-0-8.wav
478,8,fold8,silence,506954-9.wav,C:\Andre_Florentino\03_particular\04_mestrado-FEI\97_master\_dataset\US8K_AV\fold8\506954-10-0-9.wav
479,8,fold8,silence,514305-1.wav,C:\Andre_Florentino\03_particular\04_mestrado-FEI\97_master\_dataset\US8K_AV\fold8\514305-10-0-1.wav
480,8,fold8,silence,514305-10.wav,C:\Andre_Florentino\03_particular\04_mestrado-FEI\97_master\_dataset\US8K_AV\fold8\514305-10-0-10.wav
481,8,fold8,silence,514305-11.wav,C:\Andre_Florentino\03_particular\04_mestrado-FEI\97_master\_dataset\US8K_AV\fold8\514305-10-0-11.wav
482,8,fold8,silence,514305-12.wav,C:\Andre_Florentino\03_particular\04_mestrado-FEI\97_master\_dataset\US8K_AV\fold8\514305-10-0-12.wav
483,8,fold8,silence,514305-13.wav,C:\Andre_Florentino\03_particular\04_mestrado-FEI\97_master\_dataset\US8K_AV\fold8\514305-10-0-13.wav
484,8,fold8,silence,514305-14.wav,C:\Andre_Florentino\03_particular\04_mestrado-FEI\97_master\_dataset\US8K_AV\fold8\514305-10-0-14.wav
485,8,fold8,silence,514305-15.wav,C:\Andre_Florentino\03_particular\04_mestrado-FEI\97_master\_dataset\US8K_AV\fold8\514305-10-0-15.wav
486,8,fold8,silence,514305-16.wav,C:\Andre_Florentino\03_particular\04_mestrado-FEI\97_master\_dataset\US8K_AV\fold8\514305-10-0-16.wav
487,8,fold8,silence,514305-17.wav,C:\Andre_Florentino\03_particular\04_mestrado-FEI\97_master\_dataset\US8K_AV\fold8\514305-10-0-17.wav
488,8,fold8,silence,514305-18.wav,C:\Andre_Florentino\03_particular\04_mestrado-FEI\97_master\_dataset\US8K_AV\fold8\514305-10-0-18.wav
489,8,fold8,silence,514305-19.wav,C:\Andre_Florentino\03_particular\04_mestrado-FEI\97_master\_dataset\US8K_AV\fold8\514305-10-0-19.wav
490,8,fold8,silence,514305-2.wav,C:\Andre_Florentino\03_particular\04_mestrado-FEI\97_master\_dataset\US8K_AV\fold8\514305-10-0-2.wav
491,8,fold8,silence,514305-20.wav,C:\Andre_Florentino\03_particular\04_mestrado-FEI\97_master\_dataset\US8K_AV\fold8\514305-10-0-20.wav
492,8,fold8,silence,514305-3.wav,C:\Andre_Florentino\03_particular\04_mestrado-FEI\97_master\_dataset\US8K_AV\fold8\514305-10-0-3.wav
493,8,fold8,silence,514305-4.wav,C:\Andre_Florentino\03_particular\04_mestrado-FEI\97_master\_dataset\US8K_AV\fold8\514305-10-0-4.wav
494,8,fold8,silence,514305-5.wav,C:\Andre_Florentino\03_particular\04_mestrado-FEI\97_master\_dataset\US8K_AV\fold8\514305-10-0-5.wav
495,8,fold8,silence,514305-6.wav,C:\Andre_Florentino\03_particular\04_mestrado-FEI\97_master\_dataset\US8K_AV\fold8\514305-10-0-6.wav
496,8,fold8,silence,514305-7.wav,C:\Andre_Florentino\03_particular\04_mestrado-FEI\97_master\_dataset\US8K_AV\fold8\514305-10-0-7.wav
497,8,fold8,silence,514305-8.wav,C:\Andre_Florentino\03_particular\04_mestrado-FEI\97_master\_dataset\US8K_AV\fold8\514305-10-0-8.wav
498,8,fold8,silence,514305-9.wav,C:\Andre_Florentino\03_particular\04_mestrado-FEI\97_master\_dataset\US8K_AV\fold8\514305-10-0-9.wav
499,9,fold9,silence,515112-1.wav,C:\Andre_Florentino\03_particular\04_mestrado-FEI\97_master\_dataset\US8K_AV\fold9\515112-10-0-1.wav
500,9,fold9,silence,515112-2.wav,C:\Andre_Florentino\03_particular\04_mestrado-FEI\97_master\_dataset\US8K_AV\fold9\515112-10-0-2.wav
501,9,fold9,silence,515112-3.wav,C:\Andre_Florentino\03_particular\04_mestrado-FEI\97_master\_dataset\US8K_AV\fold9\515112-10-0-3.wav
502,9,fold9,silence,515112-4.wav,C:\Andre_Florentino\03_particular\04_mestrado-FEI\97_master\_dataset\US8K_AV\fold9\515112-10-0-4.wav
503,9,fold9,silence,515112-5.wav,C:\Andre_Florentino\03_particular\04_mestrado-FEI\97_master\_dataset\US8K_AV\fold9\515112-10-0-5.wav
504,9,fold9,silence,515112-6.wav,C:\Andre_Florentino\03_particular\04_mestrado-FEI\97_master\_dataset\US8K_AV\fold9\515112-10-0-6.wav
505,9,fold9,silence,515112-7.wav,C:\Andre_Florentino\03_particular\04_mestrado-FEI\97_master\_dataset\US8K_AV\fold9\515112-10-0-7.wav
506,9,fold9,silence,515112-8.wav,C:\Andre_Florentino\03_particular\04_mestrado-FEI\97_master\_dataset\US8K_AV\fold9\515112-10-0-8.wav
507,9,fold9,silence,627058-1.wav,C:\Andre_Florentino\03_particular\04_mestrado-FEI\97_master\_dataset\US8K_AV\fold9\627058-10-0-1.wav
508,9,fold9,silence,627058-10.wav,C:\Andre_Florentino\03_particular\04_mestrado-FEI\97_master\_dataset\US8K_AV\fold9\627058-10-0-10.wav
509,9,fold9,silence,627058-11.wav,C:\Andre_Florentino\03_particular\04_mestrado-FEI\97_master\_dataset\US8K_AV\fold9\627058-10-0-11.wav
510,9,fold9,silence,627058-12.wav,C:\Andre_Florentino\03_particular\04_mestrado-FEI\97_master\_dataset\US8K_AV\fold9\627058-10-0-12.wav
511,9,fold9,silence,627058-13.wav,C:\Andre_Florentino\03_particular\04_mestrado-FEI\97_master\_dataset\US8K_AV\fold9\627058-10-0-13.wav
512,9,fold9,silence,627058-14.wav,C:\Andre_Florentino\03_particular\04_mestrado-FEI\97_master\_dataset\US8K_AV\fold9\627058-10-0-14.wav
513,9,fold9,silence,627058-15.wav,C:\Andre_Florentino\03_particular\04_mestrado-FEI\97_master\_dataset\US8K_AV\fold9\627058-10-0-15.wav
514,9,fold9,silence,627058-16.wav,C:\Andre_Florentino\03_particular\04_mestrado-FEI\97_master\_dataset\US8K_AV\fold9\627058-10-0-16.wav
515,9,fold9,silence,627058-17.wav,C:\Andre_Florentino\03_particular\04_mestrado-FEI\97_master\_dataset\US8K_AV\fold9\627058-10-0-17.wav
516,9,fold9,silence,627058-18.wav,C:\Andre_Florentino\03_particular\04_mestrado-FEI\97_master\_dataset\US8K_AV\fold9\627058-10-0-18.wav
517,9,fold9,silence,627058-19.wav,C:\Andre_Florentino\03_particular\04_mestrado-FEI\97_master\_dataset\US8K_AV\fold9\627058-10-0-19.wav
518,9,fold9,silence,627058-2.wav,C:\Andre_Florentino\03_particular\04_mestrado-FEI\97_master\_dataset\US8K_AV\fold9\627058-10-0-2.wav
519,9,fold9,silence,627058-20.wav,C:\Andre_Florentino\03_particular\04_mestrado-FEI\97_master\_dataset\US8K_AV\fold9\627058-10-0-20.wav
520,9,fold9,silence,627058-3.wav,C:\Andre_Florentino\03_particular\04_mestrado-FEI\97_master\_dataset\US8K_AV\fold9\627058-10-0-3.wav
521,9,fold9,silence,627058-4.wav,C:\Andre_Florentino\03_particular\04_mestrado-FEI\97_master\_dataset\US8K_AV\fold9\627058-10-0-4.wav
522,9,fold9,silence,627058-5.wav,C:\Andre_Florentino\03_particular\04_mestrado-FEI\97_master\_dataset\US8K_AV\fold9\627058-10-0-5.wav
523,9,fold9,silence,627058-6.wav,C:\Andre_Florentino\03_particular\04_mestrado-FEI\97_master\_dataset\US8K_AV\fold9\627058-10-0-6.wav
524,9,fold9,silence,627058-7.wav,C:\Andre_Florentino\03_particular\04_mestrado-FEI\97_master\_dataset\US8K_AV\fold9\627058-10-0-7.wav
525,9,fold9,silence,627058-8.wav,C:\Andre_Florentino\03_particular\04_mestrado-FEI\97_master\_dataset\US8K_AV\fold9\627058-10-0-8.wav
526,9,fold9,silence,627058-9.wav,C:\Andre_Florentino\03_particular\04_mestrado-FEI\97_master\_dataset\US8K_AV\fold9\627058-10-0-9.wav
527,9,fold9,silence,627063-1.wav,C:\Andre_Florentino\03_particular\04_mestrado-FEI\97_master\_dataset\US8K_AV\fold9\627063-10-0-1.wav
528,9,fold9,silence,627063-10.wav,C:\Andre_Florentino\03_particular\04_mestrado-FEI\97_master\_dataset\US8K_AV\fold9\627063-10-0-10.wav
529,9,fold9,silence,627063-11.wav,C:\Andre_Florentino\03_particular\04_mestrado-FEI\97_master\_dataset\US8K_AV\fold9\627063-10-0-11.wav
530,9,fold9,silence,627063-12.wav,C:\Andre_Florentino\03_particular\04_mestrado-FEI\97_master\_dataset\US8K_AV\fold9\627063-10-0-12.wav
531,9,fold9,silence,627063-13.wav,C:\Andre_Florentino\03_particular\04_mestrado-FEI\97_master\_dataset\US8K_AV\fold9\627063-10-0-13.wav
532,9,fold9,silence,627063-14.wav,C:\Andre_Florentino\03_particular\04_mestrado-FEI\97_master\_dataset\US8K_AV\fold9\627063-10-0-14.wav
533,9,fold9,silence,627063-15.wav,C:\Andre_Florentino\03_particular\04_mestrado-FEI\97_master\_dataset\US8K_AV\fold9\627063-10-0-15.wav
534,9,fold9,silence,627063-16.wav,C:\Andre_Florentino\03_particular\04_mestrado-FEI\97_master\_dataset\US8K_AV\fold9\627063-10-0-16.wav
535,9,fold9,silence,627063-17.wav,C:\Andre_Florentino\03_particular\04_mestrado-FEI\97_master\_dataset\US8K_AV\fold9\627063-10-0-17.wav
536,9,fold9,silence,627063-18.wav,C:\Andre_Florentino\03_particular\04_mestrado-FEI\97_master\_dataset\US8K_AV\fold9\627063-10-0-18.wav
537,9,fold9,silence,627063-2.wav,C:\Andre_Florentino\03_particular\04_mestrado-FEI\97_master\_dataset\US8K_AV\fold9\627063-10-0-2.wav
538,9,fold9,silence,627063-3.wav,C:\Andre_Florentino\03_particular\04_mestrado-FEI\97_master\_dataset\US8K_AV\fold9\627063-10-0-3.wav
539,9,fold9,silence,627063-4.wav,C:\Andre_Florentino\03_particular\04_mestrado-FEI\97_master\_dataset\US8K_AV\fold9\627063-10-0-4.wav
540,9,fold9,silence,627063-5.wav,C:\Andre_Florentino\03_particular\04_mestrado-FEI\97_master\_dataset\US8K_AV\fold9\627063-10-0-5.wav
541,9,fold9,silence,627063-6.wav,C:\Andre_Florentino\03_particular\04_mestrado-FEI\97_master\_dataset\US8K_AV\fold9\627063-10-0-6.wav
542,9,fold9,silence,627063-7.wav,C:\Andre_Florentino\03_particular\04_mestrado-FEI\97_master\_dataset\US8K_AV\fold9\627063-10-0-7.wav
543,9,fold9,silence,627063-8.wav,C:\Andre_Florentino\03_particular\04_mestrado-FEI\97_master\_dataset\US8K_AV\fold9\627063-10-0-8.wav
544,9,fold9,silence,627063-9.wav,C:\Andre_Florentino\03_particular\04_mestrado-FEI\97_master\_dataset\US8K_AV\fold9\627063-10-0-9.wav
545,9,fold9,silence,708192-10.wav,C:\Andre_Florentino\03_particular\04_mestrado-FEI\97_master\_dataset\US8K_AV\fold9\708192-10-0-10.wav
546,9,fold9,silence,708192-11.wav,C:\Andre_Florentino\03_particular\04_mestrado-FEI\97_master\_dataset\US8K_AV\fold9\708192-10-0-11.wav
547,9,fold9,silence,708192-12.wav,C:\Andre_Florentino\03_particular\04_mestrado-FEI\97_master\_dataset\US8K_AV\fold9\708192-10-0-12.wav
548,9,fold9,silence,708192-8.wav,C:\Andre_Florentino\03_particular\04_mestrado-FEI\97_master\_dataset\US8K_AV\fold9\708192-10-0-8.wav
549,9,fold9,silence,708192-9.wav,C:\Andre_Florentino\03_particular\04_mestrado-FEI\97_master\_dataset\US8K_AV\fold9\708192-10-0-9.wav
